-- phpMyAdmin SQL Dump
-- version 4.5.1
-- http://www.phpmyadmin.net
--
-- Host: 127.0.0.1
-- Generation Time: May 12, 2017 at 07:32 PM
-- Server version: 10.1.19-MariaDB
-- PHP Version: 5.6.28

SET SQL_MODE = "NO_AUTO_VALUE_ON_ZERO";
SET time_zone = "+00:00";


/*!40101 SET @OLD_CHARACTER_SET_CLIENT=@@CHARACTER_SET_CLIENT */;
/*!40101 SET @OLD_CHARACTER_SET_RESULTS=@@CHARACTER_SET_RESULTS */;
/*!40101 SET @OLD_COLLATION_CONNECTION=@@COLLATION_CONNECTION */;
/*!40101 SET NAMES utf8mb4 */;

--
-- Database: `search`
--

-- --------------------------------------------------------

--
-- Table structure for table `doc_links`
--

CREATE TABLE `doc_links` (
  `docID` int(11) NOT NULL,
  `docTitle` varchar(255) DEFAULT '[In Progress]',
  `docLink` varchar(255) NOT NULL
) ENGINE=InnoDB DEFAULT CHARSET=latin1;

--
-- Dumping data for table `doc_links`
--

INSERT INTO `doc_links` (`docID`, `docTitle`, `docLink`) VALUES
(0, '[In Progress]', 'www.apples.com'),
(1, '[In Progress]', 'www.bananas.com'),
(2, '[In Progress]', 'www.pineapples.com'),
(3, '[In Progress]', 'www.kiwis.com'),
(4, '[In Progress]', 'www.watermelons.com'),
(5, '[In Progress]', 'www.mangos.com'),
(6, '[In Progress]', 'www.oragnes.com'),
(7, '[In Progress]', 'www.tangerines.com'),
(8, '[In Progress]', 'www.peaches.com'),
(9, '[In Progress]', 'www.peas.com'),
(10, '[In Progress]', 'www.carrots.com'),
(11, '[In Progress]', 'www.olives.com'),
(12, '[In Progress]', 'www.candies.com'),
(13, '[In Progress]', 'www.cornflakes.com'),
(14, '[In Progress]', 'www.tomatoes.com'),
(15, '[In Progress]', 'www.rice.com'),
(16, '[In Progress]', 'www.fried-food.com'),
(17, '[In Progress]', 'www.doughnuts.com'),
(18, '[In Progress]', 'www.icecream.com'),
(19, '[In Progress]', 'www.honey.com'),
(20, '[In Progress]', 'www.chocolates.com');

-- --------------------------------------------------------

--
-- Table structure for table `pos_index`
--

CREATE TABLE `pos_index` (
  `term` varchar(255) NOT NULL,
  `docID` int(11) NOT NULL,
  `tagType` varchar(255) NOT NULL,
  `tagNum` int(11) NOT NULL,
  `posNum` int(11) NOT NULL
) ENGINE=InnoDB DEFAULT CHARSET=latin1;

--
-- Dumping data for table `pos_index`
--

INSERT INTO `pos_index` (`term`, `docID`, `tagType`, `tagNum`, `posNum`) VALUES
('320', 0, 'other', -1, 55),
('320', 0, 'other', -1, 71),
('320', 1, 'other', -1, 55),
('320', 1, 'other', -1, 71),
('320', 2, 'other', -1, 55),
('320', 2, 'other', -1, 71),
('320', 3, 'other', -1, 55),
('320', 3, 'other', -1, 71),
('320', 4, 'other', -1, 55),
('320', 4, 'other', -1, 71),
('320', 5, 'other', -1, 55),
('320', 5, 'other', -1, 71),
('320', 6, 'other', -1, 55),
('320', 6, 'other', -1, 71),
('320', 7, 'other', -1, 55),
('320', 7, 'other', -1, 71),
('320', 8, 'other', -1, 55),
('320', 8, 'other', -1, 71),
('320', 9, 'other', -1, 55),
('320', 9, 'other', -1, 71),
('320', 10, 'other', -1, 55),
('320', 10, 'other', -1, 71),
('320', 11, 'other', -1, 55),
('320', 11, 'other', -1, 71),
('320', 12, 'other', -1, 55),
('320', 12, 'other', -1, 71),
('320', 13, 'other', -1, 55),
('320', 13, 'other', -1, 71),
('320', 14, 'other', -1, 55),
('320', 14, 'other', -1, 71),
('320', 15, 'other', -1, 55),
('320', 15, 'other', -1, 71),
('320', 16, 'other', -1, 59),
('320', 16, 'other', -1, 76),
('320', 17, 'other', -1, 55),
('320', 17, 'other', -1, 71),
('320', 18, 'other', -1, 55),
('320', 18, 'other', -1, 71),
('320', 19, 'other', -1, 55),
('320', 19, 'other', -1, 71),
('320', 20, 'other', -1, 55),
('320', 20, 'other', -1, 71),
('appl', 0, 'h1', -1, 0),
('appl', 0, 'other', -1, 11),
('appl', 0, 'other', -1, 18),
('appl', 0, 'other', -1, 28),
('appl', 0, 'other', -1, 54),
('appl', 0, 'other', -1, 69),
('banana', 1, 'h1', -1, 0),
('banana', 1, 'other', -1, 11),
('banana', 1, 'other', -1, 18),
('banana', 1, 'other', -1, 28),
('banana', 1, 'other', -1, 54),
('banana', 1, 'other', -1, 69),
('calori', 0, 'other', -1, 51),
('calori', 0, 'other', -1, 70),
('calori', 1, 'other', -1, 51),
('calori', 1, 'other', -1, 70),
('calori', 2, 'other', -1, 51),
('calori', 2, 'other', -1, 70),
('calori', 3, 'other', -1, 51),
('calori', 3, 'other', -1, 70),
('calori', 4, 'other', -1, 51),
('calori', 4, 'other', -1, 70),
('calori', 5, 'other', -1, 51),
('calori', 5, 'other', -1, 70),
('calori', 6, 'other', -1, 51),
('calori', 6, 'other', -1, 70),
('calori', 7, 'other', -1, 51),
('calori', 7, 'other', -1, 70),
('calori', 8, 'other', -1, 51),
('calori', 8, 'other', -1, 70),
('calori', 9, 'other', -1, 51),
('calori', 9, 'other', -1, 70),
('calori', 10, 'other', -1, 51),
('calori', 10, 'other', -1, 70),
('calori', 11, 'other', -1, 51),
('calori', 11, 'other', -1, 70),
('calori', 12, 'other', -1, 51),
('calori', 12, 'other', -1, 70),
('calori', 13, 'other', -1, 51),
('calori', 13, 'other', -1, 70),
('calori', 14, 'other', -1, 51),
('calori', 14, 'other', -1, 70),
('calori', 15, 'other', -1, 51),
('calori', 15, 'other', -1, 70),
('calori', 16, 'other', -1, 54),
('calori', 16, 'other', -1, 75),
('calori', 17, 'other', -1, 51),
('calori', 17, 'other', -1, 70),
('calori', 18, 'other', -1, 51),
('calori', 18, 'other', -1, 70),
('calori', 19, 'other', -1, 51),
('calori', 19, 'other', -1, 70),
('calori', 20, 'other', -1, 51),
('calori', 20, 'other', -1, 70),
('candi', 12, 'h1', -1, 0),
('candi', 12, 'other', -1, 11),
('candi', 12, 'other', -1, 18),
('candi', 12, 'other', -1, 28),
('candi', 12, 'other', -1, 54),
('candi', 12, 'other', -1, 69),
('carrot', 10, 'h1', -1, 0),
('carrot', 10, 'other', -1, 11),
('carrot', 10, 'other', -1, 18),
('carrot', 10, 'other', -1, 28),
('carrot', 10, 'other', -1, 54),
('carrot', 10, 'other', -1, 69),
('chocol', 20, 'h1', -1, 0),
('chocol', 20, 'other', -1, 11),
('chocol', 20, 'other', -1, 18),
('chocol', 20, 'other', -1, 28),
('chocol', 20, 'other', -1, 54),
('chocol', 20, 'other', -1, 69),
('cornflak', 13, 'h1', -1, 0),
('cornflak', 13, 'other', -1, 11),
('cornflak', 13, 'other', -1, 18),
('cornflak', 13, 'other', -1, 28),
('cornflak', 13, 'other', -1, 54),
('cornflak', 13, 'other', -1, 69),
('dai', 0, 'other', -1, 3),
('dai', 1, 'other', -1, 3),
('dai', 2, 'other', -1, 3),
('dai', 3, 'other', -1, 3),
('dai', 4, 'other', -1, 3),
('dai', 5, 'other', -1, 3),
('dai', 6, 'other', -1, 3),
('dai', 7, 'other', -1, 3),
('dai', 8, 'other', -1, 3),
('dai', 9, 'other', -1, 3),
('dai', 10, 'other', -1, 3),
('dai', 11, 'other', -1, 3),
('dai', 12, 'other', -1, 3),
('dai', 13, 'other', -1, 3),
('dai', 14, 'other', -1, 3),
('dai', 15, 'other', -1, 3),
('dai', 16, 'other', -1, 3),
('dai', 17, 'other', -1, 3),
('dai', 18, 'other', -1, 3),
('dai', 19, 'other', -1, 3),
('dai', 20, 'other', -1, 3),
('doubt', 0, 'other', -1, 26),
('doubt', 1, 'other', -1, 26),
('doubt', 2, 'other', -1, 26),
('doubt', 3, 'other', -1, 26),
('doubt', 4, 'other', -1, 26),
('doubt', 5, 'other', -1, 26),
('doubt', 6, 'other', -1, 26),
('doubt', 7, 'other', -1, 26),
('doubt', 8, 'other', -1, 26),
('doubt', 9, 'other', -1, 26),
('doubt', 10, 'other', -1, 26),
('doubt', 11, 'other', -1, 26),
('doubt', 12, 'other', -1, 26),
('doubt', 13, 'other', -1, 26),
('doubt', 14, 'other', -1, 26),
('doubt', 15, 'other', -1, 26),
('doubt', 16, 'other', -1, 28),
('doubt', 17, 'other', -1, 26),
('doubt', 18, 'other', -1, 26),
('doubt', 19, 'other', -1, 26),
('doubt', 20, 'other', -1, 26),
('doughnut', 17, 'h1', -1, 0),
('doughnut', 17, 'other', -1, 11),
('doughnut', 17, 'other', -1, 18),
('doughnut', 17, 'other', -1, 28),
('doughnut', 17, 'other', -1, 54),
('doughnut', 17, 'other', -1, 69),
('eaten', 0, 'other', -1, 32),
('eaten', 1, 'other', -1, 32),
('eaten', 2, 'other', -1, 32),
('eaten', 3, 'other', -1, 32),
('eaten', 4, 'other', -1, 32),
('eaten', 5, 'other', -1, 32),
('eaten', 6, 'other', -1, 32),
('eaten', 7, 'other', -1, 32),
('eaten', 8, 'other', -1, 32),
('eaten', 9, 'other', -1, 32),
('eaten', 10, 'other', -1, 32),
('eaten', 11, 'other', -1, 32),
('eaten', 12, 'other', -1, 32),
('eaten', 13, 'other', -1, 32),
('eaten', 14, 'other', -1, 32),
('eaten', 15, 'other', -1, 32),
('eaten', 16, 'other', -1, 35),
('eaten', 17, 'other', -1, 32),
('eaten', 18, 'other', -1, 32),
('eaten', 19, 'other', -1, 32),
('eaten', 20, 'other', -1, 32),
('food', 0, 'other', -1, 34),
('food', 0, 'other', -1, 37),
('food', 0, 'other', -1, 49),
('food', 0, 'other', -1, 50),
('food', 0, 'other', -1, 68),
('food', 0, 'title', -1, 0),
('food', 1, 'other', -1, 34),
('food', 1, 'other', -1, 37),
('food', 1, 'other', -1, 49),
('food', 1, 'other', -1, 50),
('food', 1, 'other', -1, 68),
('food', 1, 'title', -1, 0),
('food', 2, 'other', -1, 34),
('food', 2, 'other', -1, 37),
('food', 2, 'other', -1, 49),
('food', 2, 'other', -1, 50),
('food', 2, 'other', -1, 68),
('food', 2, 'title', -1, 0),
('food', 3, 'other', -1, 34),
('food', 3, 'other', -1, 37),
('food', 3, 'other', -1, 49),
('food', 3, 'other', -1, 50),
('food', 3, 'other', -1, 68),
('food', 3, 'title', -1, 0),
('food', 4, 'other', -1, 34),
('food', 4, 'other', -1, 37),
('food', 4, 'other', -1, 49),
('food', 4, 'other', -1, 50),
('food', 4, 'other', -1, 68),
('food', 4, 'title', -1, 0),
('food', 5, 'other', -1, 34),
('food', 5, 'other', -1, 37),
('food', 5, 'other', -1, 49),
('food', 5, 'other', -1, 50),
('food', 5, 'other', -1, 68),
('food', 5, 'title', -1, 0),
('food', 6, 'other', -1, 34),
('food', 6, 'other', -1, 37),
('food', 6, 'other', -1, 49),
('food', 6, 'other', -1, 50),
('food', 6, 'other', -1, 68),
('food', 6, 'title', -1, 0),
('food', 7, 'other', -1, 34),
('food', 7, 'other', -1, 37),
('food', 7, 'other', -1, 49),
('food', 7, 'other', -1, 50),
('food', 7, 'other', -1, 68),
('food', 7, 'title', -1, 0),
('food', 8, 'other', -1, 34),
('food', 8, 'other', -1, 37),
('food', 8, 'other', -1, 49),
('food', 8, 'other', -1, 50),
('food', 8, 'other', -1, 68),
('food', 8, 'title', -1, 0),
('food', 9, 'other', -1, 34),
('food', 9, 'other', -1, 37),
('food', 9, 'other', -1, 49),
('food', 9, 'other', -1, 50),
('food', 9, 'other', -1, 68),
('food', 9, 'title', -1, 0),
('food', 10, 'other', -1, 34),
('food', 10, 'other', -1, 37),
('food', 10, 'other', -1, 49),
('food', 10, 'other', -1, 50),
('food', 10, 'other', -1, 68),
('food', 10, 'title', -1, 0),
('food', 11, 'other', -1, 34),
('food', 11, 'other', -1, 37),
('food', 11, 'other', -1, 49),
('food', 11, 'other', -1, 50),
('food', 11, 'other', -1, 68),
('food', 11, 'title', -1, 0),
('food', 12, 'other', -1, 34),
('food', 12, 'other', -1, 37),
('food', 12, 'other', -1, 49),
('food', 12, 'other', -1, 50),
('food', 12, 'other', -1, 68),
('food', 12, 'title', -1, 0),
('food', 13, 'other', -1, 34),
('food', 13, 'other', -1, 37),
('food', 13, 'other', -1, 49),
('food', 13, 'other', -1, 50),
('food', 13, 'other', -1, 68),
('food', 13, 'title', -1, 0),
('food', 14, 'other', -1, 34),
('food', 14, 'other', -1, 37),
('food', 14, 'other', -1, 49),
('food', 14, 'other', -1, 50),
('food', 14, 'other', -1, 68),
('food', 14, 'title', -1, 0),
('food', 15, 'other', -1, 34),
('food', 15, 'other', -1, 37),
('food', 15, 'other', -1, 49),
('food', 15, 'other', -1, 50),
('food', 15, 'other', -1, 68),
('food', 15, 'title', -1, 0),
('food', 16, 'h1', -1, 1),
('food', 16, 'other', -1, 12),
('food', 16, 'other', -1, 20),
('food', 16, 'other', -1, 31),
('food', 16, 'other', -1, 37),
('food', 16, 'other', -1, 40),
('food', 16, 'other', -1, 52),
('food', 16, 'other', -1, 53),
('food', 16, 'other', -1, 58),
('food', 16, 'other', -1, 72),
('food', 16, 'other', -1, 74),
('food', 16, 'title', -1, 0),
('food', 17, 'other', -1, 34),
('food', 17, 'other', -1, 37),
('food', 17, 'other', -1, 49),
('food', 17, 'other', -1, 50),
('food', 17, 'other', -1, 68),
('food', 17, 'title', -1, 0),
('food', 18, 'other', -1, 34),
('food', 18, 'other', -1, 37),
('food', 18, 'other', -1, 49),
('food', 18, 'other', -1, 50),
('food', 18, 'other', -1, 68),
('food', 18, 'title', -1, 0),
('food', 19, 'other', -1, 34),
('food', 19, 'other', -1, 37),
('food', 19, 'other', -1, 49),
('food', 19, 'other', -1, 50),
('food', 19, 'other', -1, 68),
('food', 19, 'title', -1, 0),
('food', 20, 'other', -1, 34),
('food', 20, 'other', -1, 37),
('food', 20, 'other', -1, 49),
('food', 20, 'other', -1, 50),
('food', 20, 'other', -1, 68),
('food', 20, 'title', -1, 0),
('form', 0, 'h2', -1, 2),
('form', 0, 'h3', -1, 2),
('form', 1, 'h2', -1, 2),
('form', 1, 'h3', -1, 2),
('form', 2, 'h2', -1, 2),
('form', 2, 'h3', -1, 2),
('form', 3, 'h2', -1, 2),
('form', 3, 'h3', -1, 2),
('form', 4, 'h2', -1, 2),
('form', 4, 'h3', -1, 2),
('form', 5, 'h2', -1, 2),
('form', 5, 'h3', -1, 2),
('form', 6, 'h2', -1, 2),
('form', 6, 'h3', -1, 2),
('form', 7, 'h2', -1, 2),
('form', 7, 'h3', -1, 2),
('form', 8, 'h2', -1, 2),
('form', 8, 'h3', -1, 2),
('form', 9, 'h2', -1, 2),
('form', 9, 'h3', -1, 2),
('form', 10, 'h2', -1, 2),
('form', 10, 'h3', -1, 2),
('form', 11, 'h2', -1, 2),
('form', 11, 'h3', -1, 2),
('form', 12, 'h2', -1, 2),
('form', 12, 'h3', -1, 2),
('form', 13, 'h2', -1, 2),
('form', 13, 'h3', -1, 2),
('form', 14, 'h2', -1, 2),
('form', 14, 'h3', -1, 2),
('form', 15, 'h2', -1, 2),
('form', 15, 'h3', -1, 2),
('form', 16, 'h2', -1, 2),
('form', 16, 'h3', -1, 2),
('form', 17, 'h2', -1, 2),
('form', 17, 'h3', -1, 2),
('form', 18, 'h2', -1, 2),
('form', 18, 'h3', -1, 2),
('form', 19, 'h2', -1, 2),
('form', 19, 'h3', -1, 2),
('form', 20, 'h2', -1, 2),
('form', 20, 'h3', -1, 2),
('fri', 16, 'h1', -1, 0),
('fri', 16, 'other', -1, 11),
('fri', 16, 'other', -1, 19),
('fri', 16, 'other', -1, 30),
('fri', 16, 'other', -1, 57),
('fri', 16, 'other', -1, 73),
('health', 0, 'other', -1, 72),
('health', 1, 'other', -1, 72),
('health', 2, 'other', -1, 72),
('health', 3, 'other', -1, 72),
('health', 4, 'other', -1, 72),
('health', 5, 'other', -1, 72),
('health', 6, 'other', -1, 72),
('health', 7, 'other', -1, 72),
('health', 8, 'other', -1, 72),
('health', 9, 'other', -1, 72),
('health', 10, 'other', -1, 72),
('health', 11, 'other', -1, 72),
('health', 12, 'other', -1, 72),
('health', 13, 'other', -1, 72),
('health', 14, 'other', -1, 72),
('health', 15, 'other', -1, 72),
('health', 16, 'other', -1, 77),
('health', 17, 'other', -1, 72),
('health', 18, 'other', -1, 72),
('health', 19, 'other', -1, 72),
('health', 20, 'other', -1, 72),
('healthi', 0, 'other', -1, 52),
('healthi', 0, 'other', -1, 57),
('healthi', 0, 'other', -1, 75),
('healthi', 1, 'other', -1, 52),
('healthi', 1, 'other', -1, 57),
('healthi', 1, 'other', -1, 75),
('healthi', 2, 'other', -1, 52),
('healthi', 2, 'other', -1, 57),
('healthi', 2, 'other', -1, 75),
('healthi', 3, 'other', -1, 52),
('healthi', 3, 'other', -1, 57),
('healthi', 3, 'other', -1, 75),
('healthi', 4, 'other', -1, 52),
('healthi', 4, 'other', -1, 57),
('healthi', 4, 'other', -1, 75),
('healthi', 5, 'other', -1, 52),
('healthi', 5, 'other', -1, 57),
('healthi', 5, 'other', -1, 75),
('healthi', 6, 'other', -1, 52),
('healthi', 6, 'other', -1, 57),
('healthi', 6, 'other', -1, 75),
('healthi', 7, 'other', -1, 52),
('healthi', 7, 'other', -1, 57),
('healthi', 7, 'other', -1, 75),
('healthi', 8, 'other', -1, 52),
('healthi', 8, 'other', -1, 57),
('healthi', 8, 'other', -1, 75),
('healthi', 9, 'other', -1, 52),
('healthi', 9, 'other', -1, 57),
('healthi', 9, 'other', -1, 75),
('healthi', 10, 'other', -1, 52),
('healthi', 10, 'other', -1, 57),
('healthi', 10, 'other', -1, 75),
('healthi', 11, 'other', -1, 52),
('healthi', 11, 'other', -1, 57),
('healthi', 11, 'other', -1, 75),
('healthi', 12, 'other', -1, 52),
('healthi', 12, 'other', -1, 57),
('healthi', 12, 'other', -1, 75),
('healthi', 13, 'other', -1, 52),
('healthi', 13, 'other', -1, 57),
('healthi', 13, 'other', -1, 75),
('healthi', 14, 'other', -1, 52),
('healthi', 14, 'other', -1, 57),
('healthi', 14, 'other', -1, 75),
('healthi', 15, 'other', -1, 52),
('healthi', 15, 'other', -1, 57),
('healthi', 15, 'other', -1, 75),
('healthi', 16, 'other', -1, 55),
('healthi', 16, 'other', -1, 61),
('healthi', 16, 'other', -1, 80),
('healthi', 17, 'other', -1, 52),
('healthi', 17, 'other', -1, 57),
('healthi', 17, 'other', -1, 75),
('healthi', 18, 'other', -1, 52),
('healthi', 18, 'other', -1, 57),
('healthi', 18, 'other', -1, 75),
('healthi', 19, 'other', -1, 52),
('healthi', 19, 'other', -1, 57),
('healthi', 19, 'other', -1, 75),
('healthi', 20, 'other', -1, 52),
('healthi', 20, 'other', -1, 57),
('healthi', 20, 'other', -1, 75),
('histori', 0, 'other', -1, 8),
('histori', 1, 'other', -1, 8),
('histori', 2, 'other', -1, 8),
('histori', 3, 'other', -1, 8),
('histori', 4, 'other', -1, 8),
('histori', 5, 'other', -1, 8),
('histori', 6, 'other', -1, 8),
('histori', 7, 'other', -1, 8),
('histori', 8, 'other', -1, 8),
('histori', 9, 'other', -1, 8),
('histori', 10, 'other', -1, 8),
('histori', 11, 'other', -1, 8),
('histori', 12, 'other', -1, 8),
('histori', 13, 'other', -1, 8),
('histori', 14, 'other', -1, 8),
('histori', 15, 'other', -1, 8),
('histori', 16, 'other', -1, 8),
('histori', 17, 'other', -1, 8),
('histori', 18, 'other', -1, 8),
('histori', 19, 'other', -1, 8),
('histori', 20, 'other', -1, 8),
('honei', 19, 'h1', -1, 0),
('honei', 19, 'other', -1, 11),
('honei', 19, 'other', -1, 18),
('honei', 19, 'other', -1, 28),
('honei', 19, 'other', -1, 54),
('honei', 19, 'other', -1, 69),
('icecream', 18, 'h1', -1, 0),
('icecream', 18, 'other', -1, 11),
('icecream', 18, 'other', -1, 18),
('icecream', 18, 'other', -1, 28),
('icecream', 18, 'other', -1, 54),
('icecream', 18, 'other', -1, 69),
('import', 0, 'other', -1, 45),
('import', 0, 'other', -1, 64),
('import', 1, 'other', -1, 45),
('import', 1, 'other', -1, 64),
('import', 2, 'other', -1, 45),
('import', 2, 'other', -1, 64),
('import', 3, 'other', -1, 45),
('import', 3, 'other', -1, 64),
('import', 4, 'other', -1, 45),
('import', 4, 'other', -1, 64),
('import', 5, 'other', -1, 45),
('import', 5, 'other', -1, 64),
('import', 6, 'other', -1, 45),
('import', 6, 'other', -1, 64),
('import', 7, 'other', -1, 45),
('import', 7, 'other', -1, 64),
('import', 8, 'other', -1, 45),
('import', 8, 'other', -1, 64),
('import', 9, 'other', -1, 45),
('import', 9, 'other', -1, 64),
('import', 10, 'other', -1, 45),
('import', 10, 'other', -1, 64),
('import', 11, 'other', -1, 45),
('import', 11, 'other', -1, 64),
('import', 12, 'other', -1, 45),
('import', 12, 'other', -1, 64),
('import', 13, 'other', -1, 45),
('import', 13, 'other', -1, 64),
('import', 14, 'other', -1, 45),
('import', 14, 'other', -1, 64),
('import', 15, 'other', -1, 45),
('import', 15, 'other', -1, 64),
('import', 16, 'other', -1, 48),
('import', 16, 'other', -1, 68),
('import', 17, 'other', -1, 45),
('import', 17, 'other', -1, 64),
('import', 18, 'other', -1, 45),
('import', 18, 'other', -1, 64),
('import', 19, 'other', -1, 45),
('import', 19, 'other', -1, 64),
('import', 20, 'other', -1, 45),
('import', 20, 'other', -1, 64),
('kingdom', 0, 'other', -1, 38),
('kingdom', 0, 'title', -1, 1),
('kingdom', 1, 'other', -1, 38),
('kingdom', 1, 'title', -1, 1),
('kingdom', 2, 'other', -1, 38),
('kingdom', 2, 'title', -1, 1),
('kingdom', 3, 'other', -1, 38),
('kingdom', 3, 'title', -1, 1),
('kingdom', 4, 'other', -1, 38),
('kingdom', 4, 'title', -1, 1),
('kingdom', 5, 'other', -1, 38),
('kingdom', 5, 'title', -1, 1),
('kingdom', 6, 'other', -1, 38),
('kingdom', 6, 'title', -1, 1),
('kingdom', 7, 'other', -1, 38),
('kingdom', 7, 'title', -1, 1),
('kingdom', 8, 'other', -1, 38),
('kingdom', 8, 'title', -1, 1),
('kingdom', 9, 'other', -1, 38),
('kingdom', 9, 'title', -1, 1),
('kingdom', 10, 'other', -1, 38),
('kingdom', 10, 'title', -1, 1),
('kingdom', 11, 'other', -1, 38),
('kingdom', 11, 'title', -1, 1),
('kingdom', 12, 'other', -1, 38),
('kingdom', 12, 'title', -1, 1),
('kingdom', 13, 'other', -1, 38),
('kingdom', 13, 'title', -1, 1),
('kingdom', 14, 'other', -1, 38),
('kingdom', 14, 'title', -1, 1),
('kingdom', 15, 'other', -1, 38),
('kingdom', 15, 'title', -1, 1),
('kingdom', 16, 'other', -1, 41),
('kingdom', 16, 'title', -1, 1),
('kingdom', 17, 'other', -1, 38),
('kingdom', 17, 'title', -1, 1),
('kingdom', 18, 'other', -1, 38),
('kingdom', 18, 'title', -1, 1),
('kingdom', 19, 'other', -1, 38),
('kingdom', 19, 'title', -1, 1),
('kingdom', 20, 'other', -1, 38),
('kingdom', 20, 'title', -1, 1),
('kiwi', 3, 'h1', -1, 0),
('kiwi', 3, 'other', -1, 11),
('kiwi', 3, 'other', -1, 18),
('kiwi', 3, 'other', -1, 28),
('kiwi', 3, 'other', -1, 54),
('kiwi', 3, 'other', -1, 69),
('level', 0, 'other', -1, 53),
('level', 0, 'other', -1, 73),
('level', 1, 'other', -1, 53),
('level', 1, 'other', -1, 73),
('level', 2, 'other', -1, 53),
('level', 2, 'other', -1, 73),
('level', 3, 'other', -1, 53),
('level', 3, 'other', -1, 73),
('level', 4, 'other', -1, 53),
('level', 4, 'other', -1, 73),
('level', 5, 'other', -1, 53),
('level', 5, 'other', -1, 73),
('level', 6, 'other', -1, 53),
('level', 6, 'other', -1, 73),
('level', 7, 'other', -1, 53),
('level', 7, 'other', -1, 73),
('level', 8, 'other', -1, 53),
('level', 8, 'other', -1, 73),
('level', 9, 'other', -1, 53),
('level', 9, 'other', -1, 73),
('level', 10, 'other', -1, 53),
('level', 10, 'other', -1, 73),
('level', 11, 'other', -1, 53),
('level', 11, 'other', -1, 73),
('level', 12, 'other', -1, 53),
('level', 12, 'other', -1, 73),
('level', 13, 'other', -1, 53),
('level', 13, 'other', -1, 73),
('level', 14, 'other', -1, 53),
('level', 14, 'other', -1, 73),
('level', 15, 'other', -1, 53),
('level', 15, 'other', -1, 73),
('level', 16, 'other', -1, 56),
('level', 16, 'other', -1, 78),
('level', 17, 'other', -1, 53),
('level', 17, 'other', -1, 73),
('level', 18, 'other', -1, 53),
('level', 18, 'other', -1, 73),
('level', 19, 'other', -1, 53),
('level', 19, 'other', -1, 73),
('level', 20, 'other', -1, 53),
('level', 20, 'other', -1, 73),
('list', 0, 'h3', -1, 1),
('list', 0, 'other', -1, 60),
('list', 1, 'h3', -1, 1),
('list', 1, 'other', -1, 60),
('list', 2, 'h3', -1, 1),
('list', 2, 'other', -1, 60),
('list', 3, 'h3', -1, 1),
('list', 3, 'other', -1, 60),
('list', 4, 'h3', -1, 1),
('list', 4, 'other', -1, 60),
('list', 5, 'h3', -1, 1),
('list', 5, 'other', -1, 60),
('list', 6, 'h3', -1, 1),
('list', 6, 'other', -1, 60),
('list', 7, 'h3', -1, 1),
('list', 7, 'other', -1, 60),
('list', 8, 'h3', -1, 1),
('list', 8, 'other', -1, 60),
('list', 9, 'h3', -1, 1),
('list', 9, 'other', -1, 60),
('list', 10, 'h3', -1, 1),
('list', 10, 'other', -1, 60),
('list', 11, 'h3', -1, 1),
('list', 11, 'other', -1, 60),
('list', 12, 'h3', -1, 1),
('list', 12, 'other', -1, 60),
('list', 13, 'h3', -1, 1),
('list', 13, 'other', -1, 60),
('list', 14, 'h3', -1, 1),
('list', 14, 'other', -1, 60),
('list', 15, 'h3', -1, 1),
('list', 15, 'other', -1, 60),
('list', 16, 'h3', -1, 1),
('list', 16, 'other', -1, 64),
('list', 17, 'h3', -1, 1),
('list', 17, 'other', -1, 60),
('list', 18, 'h3', -1, 1),
('list', 18, 'other', -1, 60),
('list', 19, 'h3', -1, 1),
('list', 19, 'other', -1, 60),
('list', 20, 'h3', -1, 1),
('list', 20, 'other', -1, 60),
('made', 0, 'other', -1, 12),
('made', 0, 'other', -1, 20),
('made', 1, 'other', -1, 12),
('made', 1, 'other', -1, 20),
('made', 2, 'other', -1, 12),
('made', 2, 'other', -1, 20),
('made', 3, 'other', -1, 12),
('made', 3, 'other', -1, 20),
('made', 4, 'other', -1, 12),
('made', 4, 'other', -1, 20),
('made', 5, 'other', -1, 12),
('made', 5, 'other', -1, 20),
('made', 6, 'other', -1, 12),
('made', 6, 'other', -1, 20),
('made', 7, 'other', -1, 12),
('made', 7, 'other', -1, 20),
('made', 8, 'other', -1, 12),
('made', 8, 'other', -1, 20),
('made', 9, 'other', -1, 12),
('made', 9, 'other', -1, 20),
('made', 10, 'other', -1, 12),
('made', 10, 'other', -1, 20),
('made', 11, 'other', -1, 12),
('made', 11, 'other', -1, 20),
('made', 12, 'other', -1, 12),
('made', 12, 'other', -1, 20),
('made', 13, 'other', -1, 12),
('made', 13, 'other', -1, 20),
('made', 14, 'other', -1, 12),
('made', 14, 'other', -1, 20),
('made', 15, 'other', -1, 12),
('made', 15, 'other', -1, 20),
('made', 16, 'other', -1, 13),
('made', 16, 'other', -1, 22),
('made', 17, 'other', -1, 12),
('made', 17, 'other', -1, 20),
('made', 18, 'other', -1, 12),
('made', 18, 'other', -1, 20),
('made', 19, 'other', -1, 12),
('made', 19, 'other', -1, 20),
('made', 20, 'other', -1, 12),
('made', 20, 'other', -1, 20),
('mango', 5, 'h1', -1, 0),
('mango', 5, 'other', -1, 11),
('mango', 5, 'other', -1, 18),
('mango', 5, 'other', -1, 28),
('mango', 5, 'other', -1, 54),
('mango', 5, 'other', -1, 69),
('oliv', 11, 'h1', -1, 0),
('oliv', 11, 'other', -1, 11),
('oliv', 11, 'other', -1, 18),
('oliv', 11, 'other', -1, 28),
('oliv', 11, 'other', -1, 54),
('oliv', 11, 'other', -1, 69),
('orang', 6, 'h1', -1, 0),
('orang', 6, 'other', -1, 11),
('orang', 6, 'other', -1, 18),
('orang', 6, 'other', -1, 28),
('orang', 6, 'other', -1, 54),
('orang', 6, 'other', -1, 69),
('pea', 9, 'h1', -1, 0),
('pea', 9, 'other', -1, 11),
('pea', 9, 'other', -1, 18),
('pea', 9, 'other', -1, 28),
('pea', 9, 'other', -1, 54),
('pea', 9, 'other', -1, 69),
('peach', 8, 'h1', -1, 0),
('peach', 8, 'other', -1, 11),
('peach', 8, 'other', -1, 18),
('peach', 8, 'other', -1, 28),
('peach', 8, 'other', -1, 54),
('peach', 8, 'other', -1, 69),
('pineappl', 2, 'h1', -1, 0),
('pineappl', 2, 'other', -1, 11),
('pineappl', 2, 'other', -1, 18),
('pineappl', 2, 'other', -1, 28),
('pineappl', 2, 'other', -1, 54),
('pineappl', 2, 'other', -1, 69),
('remain', 0, 'other', -1, 6),
('remain', 1, 'other', -1, 6),
('remain', 2, 'other', -1, 6),
('remain', 3, 'other', -1, 6),
('remain', 4, 'other', -1, 6),
('remain', 5, 'other', -1, 6),
('remain', 6, 'other', -1, 6),
('remain', 7, 'other', -1, 6),
('remain', 8, 'other', -1, 6),
('remain', 9, 'other', -1, 6),
('remain', 10, 'other', -1, 6),
('remain', 11, 'other', -1, 6),
('remain', 12, 'other', -1, 6),
('remain', 13, 'other', -1, 6),
('remain', 14, 'other', -1, 6),
('remain', 15, 'other', -1, 6),
('remain', 16, 'other', -1, 6),
('remain', 17, 'other', -1, 6),
('remain', 18, 'other', -1, 6),
('remain', 19, 'other', -1, 6),
('remain', 20, 'other', -1, 6),
('rice', 15, 'h1', -1, 0),
('rice', 15, 'other', -1, 11),
('rice', 15, 'other', -1, 18),
('rice', 15, 'other', -1, 28),
('rice', 15, 'other', -1, 54),
('rice', 15, 'other', -1, 69),
('show', 0, 'other', -1, 42),
('show', 0, 'other', -1, 61),
('show', 1, 'other', -1, 42),
('show', 1, 'other', -1, 61),
('show', 2, 'other', -1, 42),
('show', 2, 'other', -1, 61),
('show', 3, 'other', -1, 42),
('show', 3, 'other', -1, 61),
('show', 4, 'other', -1, 42),
('show', 4, 'other', -1, 61),
('show', 5, 'other', -1, 42),
('show', 5, 'other', -1, 61),
('show', 6, 'other', -1, 42),
('show', 6, 'other', -1, 61),
('show', 7, 'other', -1, 42),
('show', 7, 'other', -1, 61),
('show', 8, 'other', -1, 42),
('show', 8, 'other', -1, 61),
('show', 9, 'other', -1, 42),
('show', 9, 'other', -1, 61),
('show', 10, 'other', -1, 42),
('show', 10, 'other', -1, 61),
('show', 11, 'other', -1, 42),
('show', 11, 'other', -1, 61),
('show', 12, 'other', -1, 42),
('show', 12, 'other', -1, 61),
('show', 13, 'other', -1, 42),
('show', 13, 'other', -1, 61),
('show', 14, 'other', -1, 42),
('show', 14, 'other', -1, 61),
('show', 15, 'other', -1, 42),
('show', 15, 'other', -1, 61),
('show', 16, 'other', -1, 45),
('show', 16, 'other', -1, 65),
('show', 17, 'other', -1, 42),
('show', 17, 'other', -1, 61),
('show', 18, 'other', -1, 42),
('show', 18, 'other', -1, 61),
('show', 19, 'other', -1, 42),
('show', 19, 'other', -1, 61),
('show', 20, 'other', -1, 42),
('show', 20, 'other', -1, 61),
('statist', 0, 'h2', -1, 0),
('statist', 0, 'h3', -1, 0),
('statist', 0, 'other', -1, 46),
('statist', 0, 'other', -1, 65),
('statist', 1, 'h2', -1, 0),
('statist', 1, 'h3', -1, 0),
('statist', 1, 'other', -1, 46),
('statist', 1, 'other', -1, 65),
('statist', 2, 'h2', -1, 0),
('statist', 2, 'h3', -1, 0),
('statist', 2, 'other', -1, 46),
('statist', 2, 'other', -1, 65),
('statist', 3, 'h2', -1, 0),
('statist', 3, 'h3', -1, 0),
('statist', 3, 'other', -1, 46),
('statist', 3, 'other', -1, 65),
('statist', 4, 'h2', -1, 0),
('statist', 4, 'h3', -1, 0),
('statist', 4, 'other', -1, 46),
('statist', 4, 'other', -1, 65),
('statist', 5, 'h2', -1, 0),
('statist', 5, 'h3', -1, 0),
('statist', 5, 'other', -1, 46),
('statist', 5, 'other', -1, 65),
('statist', 6, 'h2', -1, 0),
('statist', 6, 'h3', -1, 0),
('statist', 6, 'other', -1, 46),
('statist', 6, 'other', -1, 65),
('statist', 7, 'h2', -1, 0),
('statist', 7, 'h3', -1, 0),
('statist', 7, 'other', -1, 46),
('statist', 7, 'other', -1, 65),
('statist', 8, 'h2', -1, 0),
('statist', 8, 'h3', -1, 0),
('statist', 8, 'other', -1, 46),
('statist', 8, 'other', -1, 65),
('statist', 9, 'h2', -1, 0),
('statist', 9, 'h3', -1, 0),
('statist', 9, 'other', -1, 46),
('statist', 9, 'other', -1, 65),
('statist', 10, 'h2', -1, 0),
('statist', 10, 'h3', -1, 0),
('statist', 10, 'other', -1, 46),
('statist', 10, 'other', -1, 65),
('statist', 11, 'h2', -1, 0),
('statist', 11, 'h3', -1, 0),
('statist', 11, 'other', -1, 46),
('statist', 11, 'other', -1, 65),
('statist', 12, 'h2', -1, 0),
('statist', 12, 'h3', -1, 0),
('statist', 12, 'other', -1, 46),
('statist', 12, 'other', -1, 65),
('statist', 13, 'h2', -1, 0),
('statist', 13, 'h3', -1, 0),
('statist', 13, 'other', -1, 46),
('statist', 13, 'other', -1, 65),
('statist', 14, 'h2', -1, 0),
('statist', 14, 'h3', -1, 0),
('statist', 14, 'other', -1, 46),
('statist', 14, 'other', -1, 65),
('statist', 15, 'h2', -1, 0),
('statist', 15, 'h3', -1, 0),
('statist', 15, 'other', -1, 46),
('statist', 15, 'other', -1, 65),
('statist', 16, 'h2', -1, 0),
('statist', 16, 'h3', -1, 0),
('statist', 16, 'other', -1, 49),
('statist', 16, 'other', -1, 69),
('statist', 17, 'h2', -1, 0),
('statist', 17, 'h3', -1, 0),
('statist', 17, 'other', -1, 46),
('statist', 17, 'other', -1, 65),
('statist', 18, 'h2', -1, 0),
('statist', 18, 'h3', -1, 0),
('statist', 18, 'other', -1, 46),
('statist', 18, 'other', -1, 65),
('statist', 19, 'h2', -1, 0),
('statist', 19, 'h3', -1, 0),
('statist', 19, 'other', -1, 46),
('statist', 19, 'other', -1, 65),
('statist', 20, 'h2', -1, 0),
('statist', 20, 'h3', -1, 0),
('statist', 20, 'other', -1, 46),
('statist', 20, 'other', -1, 65),
('tabl', 0, 'h2', -1, 1),
('tabl', 0, 'other', -1, 41),
('tabl', 1, 'h2', -1, 1),
('tabl', 1, 'other', -1, 41),
('tabl', 2, 'h2', -1, 1),
('tabl', 2, 'other', -1, 41),
('tabl', 3, 'h2', -1, 1),
('tabl', 3, 'other', -1, 41),
('tabl', 4, 'h2', -1, 1),
('tabl', 4, 'other', -1, 41),
('tabl', 5, 'h2', -1, 1),
('tabl', 5, 'other', -1, 41),
('tabl', 6, 'h2', -1, 1),
('tabl', 6, 'other', -1, 41),
('tabl', 7, 'h2', -1, 1),
('tabl', 7, 'other', -1, 41),
('tabl', 8, 'h2', -1, 1),
('tabl', 8, 'other', -1, 41),
('tabl', 9, 'h2', -1, 1),
('tabl', 9, 'other', -1, 41),
('tabl', 10, 'h2', -1, 1),
('tabl', 10, 'other', -1, 41),
('tabl', 11, 'h2', -1, 1),
('tabl', 11, 'other', -1, 41),
('tabl', 12, 'h2', -1, 1),
('tabl', 12, 'other', -1, 41),
('tabl', 13, 'h2', -1, 1),
('tabl', 13, 'other', -1, 41),
('tabl', 14, 'h2', -1, 1),
('tabl', 14, 'other', -1, 41),
('tabl', 15, 'h2', -1, 1),
('tabl', 15, 'other', -1, 41),
('tabl', 16, 'h2', -1, 1),
('tabl', 16, 'other', -1, 44),
('tabl', 17, 'h2', -1, 1),
('tabl', 17, 'other', -1, 41),
('tabl', 18, 'h2', -1, 1),
('tabl', 18, 'other', -1, 41),
('tabl', 19, 'h2', -1, 1),
('tabl', 19, 'other', -1, 41),
('tabl', 20, 'h2', -1, 1),
('tabl', 20, 'other', -1, 41),
('tangerin', 7, 'h1', -1, 0),
('tangerin', 7, 'other', -1, 11),
('tangerin', 7, 'other', -1, 18),
('tangerin', 7, 'other', -1, 28),
('tangerin', 7, 'other', -1, 54),
('tangerin', 7, 'other', -1, 69),
('till', 0, 'other', -1, 0),
('till', 1, 'other', -1, 0),
('till', 2, 'other', -1, 0),
('till', 3, 'other', -1, 0),
('till', 4, 'other', -1, 0),
('till', 5, 'other', -1, 0),
('till', 6, 'other', -1, 0),
('till', 7, 'other', -1, 0),
('till', 8, 'other', -1, 0),
('till', 9, 'other', -1, 0),
('till', 10, 'other', -1, 0),
('till', 11, 'other', -1, 0),
('till', 12, 'other', -1, 0),
('till', 13, 'other', -1, 0),
('till', 14, 'other', -1, 0),
('till', 15, 'other', -1, 0),
('till', 16, 'other', -1, 0),
('till', 17, 'other', -1, 0),
('till', 18, 'other', -1, 0),
('till', 19, 'other', -1, 0),
('till', 20, 'other', -1, 0),
('tomato', 14, 'h1', -1, 0),
('tomato', 14, 'other', -1, 11),
('tomato', 14, 'other', -1, 18),
('tomato', 14, 'other', -1, 28),
('tomato', 14, 'other', -1, 54),
('tomato', 14, 'other', -1, 69),
('watermelon', 4, 'h1', -1, 0),
('watermelon', 4, 'other', -1, 11),
('watermelon', 4, 'other', -1, 18),
('watermelon', 4, 'other', -1, 28),
('watermelon', 4, 'other', -1, 54),
('watermelon', 4, 'other', -1, 69);

-- --------------------------------------------------------

--
-- Table structure for table `queries`
--

CREATE TABLE `queries` (
  `query_text` varchar(255) NOT NULL,
  `query_count` int(11) NOT NULL
) ENGINE=InnoDB DEFAULT CHARSET=latin1;

--
-- Dumping data for table `queries`
--

INSERT INTO `queries` (`query_text`, `query_count`) VALUES
('Are rhinos really extinct?', 13),
('How much is Bill Gate''s salary?', 2),
('Where is Bill Gates from?', 5),
('Where is Jack?', 1),
('Where is Jennifer Lawrence from?', 2),
('Where is Martian from?', 2),
('Where is Mustafa Shoaib from?', 1),
('Where is Nicole Kidman from?', 1),
('Where is Snow', 1),
('Where is Snowden from?', 65),
('Where is Steve Jobs from?', 10),
('Who is the wife of Bill Gates?', 23),
('Who is the wife of Brad Pitt?', 100);

-- --------------------------------------------------------

--
-- Stand-in structure for view `results_view`
--
CREATE TABLE `results_view` (
`docID` int(11)
,`docTitle` varchar(255)
,`docLink` varchar(255)
);

-- --------------------------------------------------------

--
-- Table structure for table `tag_index`
--

CREATE TABLE `tag_index` (
  `term` varchar(255) NOT NULL,
  `docID` int(11) NOT NULL,
  `titleTag` int(11) DEFAULT '0',
  `h1Tag` int(11) DEFAULT '0',
  `h2Tag` int(11) DEFAULT '0',
  `h3Tag` int(11) DEFAULT '0',
  `h4Tag` int(11) DEFAULT '0',
  `h5Tag` int(11) DEFAULT '0',
  `h6Tag` int(11) DEFAULT '0',
  `boldTag` int(11) DEFAULT '0',
  `italicTag` int(11) DEFAULT '0',
  `otherTag` int(11) DEFAULT '0'
) ENGINE=InnoDB DEFAULT CHARSET=latin1;

--
-- Dumping data for table `tag_index`
--

INSERT INTO `tag_index` (`term`, `docID`, `titleTag`, `h1Tag`, `h2Tag`, `h3Tag`, `h4Tag`, `h5Tag`, `h6Tag`, `boldTag`, `italicTag`, `otherTag`) VALUES
('320', 0, 0, 0, 0, 0, 0, 0, 0, 0, 0, 2),
('320', 1, 0, 0, 0, 0, 0, 0, 0, 0, 0, 2),
('320', 2, 0, 0, 0, 0, 0, 0, 0, 0, 0, 2),
('320', 3, 0, 0, 0, 0, 0, 0, 0, 0, 0, 2),
('320', 4, 0, 0, 0, 0, 0, 0, 0, 0, 0, 2),
('320', 5, 0, 0, 0, 0, 0, 0, 0, 0, 0, 2),
('320', 6, 0, 0, 0, 0, 0, 0, 0, 0, 0, 2),
('320', 7, 0, 0, 0, 0, 0, 0, 0, 0, 0, 2),
('320', 8, 0, 0, 0, 0, 0, 0, 0, 0, 0, 2),
('320', 9, 0, 0, 0, 0, 0, 0, 0, 0, 0, 2),
('320', 10, 0, 0, 0, 0, 0, 0, 0, 0, 0, 2),
('320', 11, 0, 0, 0, 0, 0, 0, 0, 0, 0, 2),
('320', 12, 0, 0, 0, 0, 0, 0, 0, 0, 0, 2),
('320', 13, 0, 0, 0, 0, 0, 0, 0, 0, 0, 2),
('320', 14, 0, 0, 0, 0, 0, 0, 0, 0, 0, 2),
('320', 15, 0, 0, 0, 0, 0, 0, 0, 0, 0, 2),
('320', 16, 0, 0, 0, 0, 0, 0, 0, 0, 0, 2),
('320', 17, 0, 0, 0, 0, 0, 0, 0, 0, 0, 2),
('320', 18, 0, 0, 0, 0, 0, 0, 0, 0, 0, 2),
('320', 19, 0, 0, 0, 0, 0, 0, 0, 0, 0, 2),
('320', 20, 0, 0, 0, 0, 0, 0, 0, 0, 0, 2),
('appl', 0, 0, 1, 0, 0, 0, 0, 0, 0, 0, 5),
('banana', 1, 0, 1, 0, 0, 0, 0, 0, 0, 0, 5),
('calori', 0, 0, 0, 0, 0, 0, 0, 0, 0, 0, 2),
('calori', 1, 0, 0, 0, 0, 0, 0, 0, 0, 0, 2),
('calori', 2, 0, 0, 0, 0, 0, 0, 0, 0, 0, 2),
('calori', 3, 0, 0, 0, 0, 0, 0, 0, 0, 0, 2),
('calori', 4, 0, 0, 0, 0, 0, 0, 0, 0, 0, 2),
('calori', 5, 0, 0, 0, 0, 0, 0, 0, 0, 0, 2),
('calori', 6, 0, 0, 0, 0, 0, 0, 0, 0, 0, 2),
('calori', 7, 0, 0, 0, 0, 0, 0, 0, 0, 0, 2),
('calori', 8, 0, 0, 0, 0, 0, 0, 0, 0, 0, 2),
('calori', 9, 0, 0, 0, 0, 0, 0, 0, 0, 0, 2),
('calori', 10, 0, 0, 0, 0, 0, 0, 0, 0, 0, 2),
('calori', 11, 0, 0, 0, 0, 0, 0, 0, 0, 0, 2),
('calori', 12, 0, 0, 0, 0, 0, 0, 0, 0, 0, 2),
('calori', 13, 0, 0, 0, 0, 0, 0, 0, 0, 0, 2),
('calori', 14, 0, 0, 0, 0, 0, 0, 0, 0, 0, 2),
('calori', 15, 0, 0, 0, 0, 0, 0, 0, 0, 0, 2),
('calori', 16, 0, 0, 0, 0, 0, 0, 0, 0, 0, 2),
('calori', 17, 0, 0, 0, 0, 0, 0, 0, 0, 0, 2),
('calori', 18, 0, 0, 0, 0, 0, 0, 0, 0, 0, 2),
('calori', 19, 0, 0, 0, 0, 0, 0, 0, 0, 0, 2),
('calori', 20, 0, 0, 0, 0, 0, 0, 0, 0, 0, 2),
('candi', 12, 0, 1, 0, 0, 0, 0, 0, 0, 0, 5),
('carrot', 10, 0, 1, 0, 0, 0, 0, 0, 0, 0, 5),
('chocol', 20, 0, 1, 0, 0, 0, 0, 0, 0, 0, 5),
('cornflak', 13, 0, 1, 0, 0, 0, 0, 0, 0, 0, 5),
('dai', 0, 0, 0, 0, 0, 0, 0, 0, 0, 0, 1),
('dai', 1, 0, 0, 0, 0, 0, 0, 0, 0, 0, 1),
('dai', 2, 0, 0, 0, 0, 0, 0, 0, 0, 0, 1),
('dai', 3, 0, 0, 0, 0, 0, 0, 0, 0, 0, 1),
('dai', 4, 0, 0, 0, 0, 0, 0, 0, 0, 0, 1),
('dai', 5, 0, 0, 0, 0, 0, 0, 0, 0, 0, 1),
('dai', 6, 0, 0, 0, 0, 0, 0, 0, 0, 0, 1),
('dai', 7, 0, 0, 0, 0, 0, 0, 0, 0, 0, 1),
('dai', 8, 0, 0, 0, 0, 0, 0, 0, 0, 0, 1),
('dai', 9, 0, 0, 0, 0, 0, 0, 0, 0, 0, 1),
('dai', 10, 0, 0, 0, 0, 0, 0, 0, 0, 0, 1),
('dai', 11, 0, 0, 0, 0, 0, 0, 0, 0, 0, 1),
('dai', 12, 0, 0, 0, 0, 0, 0, 0, 0, 0, 1),
('dai', 13, 0, 0, 0, 0, 0, 0, 0, 0, 0, 1),
('dai', 14, 0, 0, 0, 0, 0, 0, 0, 0, 0, 1),
('dai', 15, 0, 0, 0, 0, 0, 0, 0, 0, 0, 1),
('dai', 16, 0, 0, 0, 0, 0, 0, 0, 0, 0, 1),
('dai', 17, 0, 0, 0, 0, 0, 0, 0, 0, 0, 1),
('dai', 18, 0, 0, 0, 0, 0, 0, 0, 0, 0, 1),
('dai', 19, 0, 0, 0, 0, 0, 0, 0, 0, 0, 1),
('dai', 20, 0, 0, 0, 0, 0, 0, 0, 0, 0, 1),
('doubt', 0, 0, 0, 0, 0, 0, 0, 0, 0, 0, 1),
('doubt', 1, 0, 0, 0, 0, 0, 0, 0, 0, 0, 1),
('doubt', 2, 0, 0, 0, 0, 0, 0, 0, 0, 0, 1),
('doubt', 3, 0, 0, 0, 0, 0, 0, 0, 0, 0, 1),
('doubt', 4, 0, 0, 0, 0, 0, 0, 0, 0, 0, 1),
('doubt', 5, 0, 0, 0, 0, 0, 0, 0, 0, 0, 1),
('doubt', 6, 0, 0, 0, 0, 0, 0, 0, 0, 0, 1),
('doubt', 7, 0, 0, 0, 0, 0, 0, 0, 0, 0, 1),
('doubt', 8, 0, 0, 0, 0, 0, 0, 0, 0, 0, 1),
('doubt', 9, 0, 0, 0, 0, 0, 0, 0, 0, 0, 1),
('doubt', 10, 0, 0, 0, 0, 0, 0, 0, 0, 0, 1),
('doubt', 11, 0, 0, 0, 0, 0, 0, 0, 0, 0, 1),
('doubt', 12, 0, 0, 0, 0, 0, 0, 0, 0, 0, 1),
('doubt', 13, 0, 0, 0, 0, 0, 0, 0, 0, 0, 1),
('doubt', 14, 0, 0, 0, 0, 0, 0, 0, 0, 0, 1),
('doubt', 15, 0, 0, 0, 0, 0, 0, 0, 0, 0, 1),
('doubt', 16, 0, 0, 0, 0, 0, 0, 0, 0, 0, 1),
('doubt', 17, 0, 0, 0, 0, 0, 0, 0, 0, 0, 1),
('doubt', 18, 0, 0, 0, 0, 0, 0, 0, 0, 0, 1),
('doubt', 19, 0, 0, 0, 0, 0, 0, 0, 0, 0, 1),
('doubt', 20, 0, 0, 0, 0, 0, 0, 0, 0, 0, 1),
('doughnut', 17, 0, 1, 0, 0, 0, 0, 0, 0, 0, 5),
('eaten', 0, 0, 0, 0, 0, 0, 0, 0, 0, 0, 1),
('eaten', 1, 0, 0, 0, 0, 0, 0, 0, 0, 0, 1),
('eaten', 2, 0, 0, 0, 0, 0, 0, 0, 0, 0, 1),
('eaten', 3, 0, 0, 0, 0, 0, 0, 0, 0, 0, 1),
('eaten', 4, 0, 0, 0, 0, 0, 0, 0, 0, 0, 1),
('eaten', 5, 0, 0, 0, 0, 0, 0, 0, 0, 0, 1),
('eaten', 6, 0, 0, 0, 0, 0, 0, 0, 0, 0, 1),
('eaten', 7, 0, 0, 0, 0, 0, 0, 0, 0, 0, 1),
('eaten', 8, 0, 0, 0, 0, 0, 0, 0, 0, 0, 1),
('eaten', 9, 0, 0, 0, 0, 0, 0, 0, 0, 0, 1),
('eaten', 10, 0, 0, 0, 0, 0, 0, 0, 0, 0, 1),
('eaten', 11, 0, 0, 0, 0, 0, 0, 0, 0, 0, 1),
('eaten', 12, 0, 0, 0, 0, 0, 0, 0, 0, 0, 1),
('eaten', 13, 0, 0, 0, 0, 0, 0, 0, 0, 0, 1),
('eaten', 14, 0, 0, 0, 0, 0, 0, 0, 0, 0, 1),
('eaten', 15, 0, 0, 0, 0, 0, 0, 0, 0, 0, 1),
('eaten', 16, 0, 0, 0, 0, 0, 0, 0, 0, 0, 1),
('eaten', 17, 0, 0, 0, 0, 0, 0, 0, 0, 0, 1),
('eaten', 18, 0, 0, 0, 0, 0, 0, 0, 0, 0, 1),
('eaten', 19, 0, 0, 0, 0, 0, 0, 0, 0, 0, 1),
('eaten', 20, 0, 0, 0, 0, 0, 0, 0, 0, 0, 1),
('food', 0, 1, 1, 0, 0, 0, 0, 0, 0, 0, 5),
('food', 1, 1, 1, 0, 0, 0, 0, 0, 0, 0, 5),
('food', 2, 1, 1, 0, 0, 0, 0, 0, 0, 0, 5),
('food', 3, 1, 1, 0, 0, 0, 0, 0, 0, 0, 5),
('food', 4, 1, 1, 0, 0, 0, 0, 0, 0, 0, 5),
('food', 5, 1, 1, 0, 0, 0, 0, 0, 0, 0, 5),
('food', 6, 1, 1, 0, 0, 0, 0, 0, 0, 0, 5),
('food', 7, 1, 1, 0, 0, 0, 0, 0, 0, 0, 5),
('food', 8, 1, 1, 0, 0, 0, 0, 0, 0, 0, 5),
('food', 9, 1, 1, 0, 0, 0, 0, 0, 0, 0, 5),
('food', 10, 1, 1, 0, 0, 0, 0, 0, 0, 0, 5),
('food', 11, 1, 1, 0, 0, 0, 0, 0, 0, 0, 5),
('food', 12, 1, 1, 0, 0, 0, 0, 0, 0, 0, 5),
('food', 13, 1, 1, 0, 0, 0, 0, 0, 0, 0, 5),
('food', 14, 1, 1, 0, 0, 0, 0, 0, 0, 0, 5),
('food', 15, 1, 1, 0, 0, 0, 0, 0, 0, 0, 5),
('food', 16, 1, 1, 0, 0, 0, 0, 0, 0, 0, 5),
('food', 17, 1, 0, 0, 0, 0, 0, 0, 0, 0, 5),
('food', 18, 1, 0, 0, 0, 0, 0, 0, 0, 0, 5),
('food', 19, 1, 0, 0, 0, 0, 0, 0, 0, 0, 5),
('food', 20, 1, 0, 0, 0, 0, 0, 0, 0, 0, 5),
('form', 0, 0, 0, 1, 1, 0, 0, 0, 0, 0, 0),
('form', 1, 0, 0, 1, 1, 0, 0, 0, 0, 0, 0),
('form', 2, 0, 0, 1, 1, 0, 0, 0, 0, 0, 0),
('form', 3, 0, 0, 1, 1, 0, 0, 0, 0, 0, 0),
('form', 4, 0, 0, 1, 1, 0, 0, 0, 0, 0, 0),
('form', 5, 0, 0, 1, 1, 0, 0, 0, 0, 0, 0),
('form', 6, 0, 0, 1, 1, 0, 0, 0, 0, 0, 0),
('form', 7, 0, 0, 1, 1, 0, 0, 0, 0, 0, 0),
('form', 8, 0, 0, 1, 1, 0, 0, 0, 0, 0, 0),
('form', 9, 0, 0, 1, 1, 0, 0, 0, 0, 0, 0),
('form', 10, 0, 0, 1, 1, 0, 0, 0, 0, 0, 0),
('form', 11, 0, 0, 1, 1, 0, 0, 0, 0, 0, 0),
('form', 12, 0, 0, 1, 1, 0, 0, 0, 0, 0, 0),
('form', 13, 0, 0, 1, 1, 0, 0, 0, 0, 0, 0),
('form', 14, 0, 0, 1, 1, 0, 0, 0, 0, 0, 0),
('form', 15, 0, 0, 1, 1, 0, 0, 0, 0, 0, 0),
('form', 16, 0, 0, 1, 1, 0, 0, 0, 0, 0, 0),
('form', 17, 0, 0, 1, 1, 0, 0, 0, 0, 0, 0),
('form', 18, 0, 0, 1, 1, 0, 0, 0, 0, 0, 0),
('form', 19, 0, 0, 1, 1, 0, 0, 0, 0, 0, 0),
('form', 20, 0, 0, 1, 1, 0, 0, 0, 0, 0, 0),
('fri', 16, 0, 1, 0, 0, 0, 0, 0, 0, 0, 5),
('health', 0, 0, 0, 0, 0, 0, 0, 0, 0, 0, 4),
('health', 1, 0, 0, 0, 0, 0, 0, 0, 0, 0, 4),
('health', 2, 0, 0, 0, 0, 0, 0, 0, 0, 0, 4),
('health', 3, 0, 0, 0, 0, 0, 0, 0, 0, 0, 4),
('health', 4, 0, 0, 0, 0, 0, 0, 0, 0, 0, 4),
('health', 5, 0, 0, 0, 0, 0, 0, 0, 0, 0, 4),
('health', 6, 0, 0, 0, 0, 0, 0, 0, 0, 0, 4),
('health', 7, 0, 0, 0, 0, 0, 0, 0, 0, 0, 4),
('health', 8, 0, 0, 0, 0, 0, 0, 0, 0, 0, 4),
('health', 9, 0, 0, 0, 0, 0, 0, 0, 0, 0, 4),
('health', 10, 0, 0, 0, 0, 0, 0, 0, 0, 0, 4),
('health', 11, 0, 0, 0, 0, 0, 0, 0, 0, 0, 4),
('health', 12, 0, 0, 0, 0, 0, 0, 0, 0, 0, 4),
('health', 13, 0, 0, 0, 0, 0, 0, 0, 0, 0, 4),
('health', 14, 0, 0, 0, 0, 0, 0, 0, 0, 0, 4),
('health', 15, 0, 0, 0, 0, 0, 0, 0, 0, 0, 4),
('health', 16, 0, 0, 0, 0, 0, 0, 0, 0, 0, 4),
('health', 17, 0, 0, 0, 0, 0, 0, 0, 0, 0, 4),
('health', 18, 0, 0, 0, 0, 0, 0, 0, 0, 0, 4),
('health', 19, 0, 0, 0, 0, 0, 0, 0, 0, 0, 4),
('health', 20, 0, 0, 0, 0, 0, 0, 0, 0, 0, 4),
('healthi', 0, 0, 0, 0, 0, 0, 0, 0, 0, 0, 3),
('healthi', 1, 0, 0, 0, 0, 0, 0, 0, 0, 0, 3),
('healthi', 2, 0, 0, 0, 0, 0, 0, 0, 0, 0, 3),
('healthi', 3, 0, 0, 0, 0, 0, 0, 0, 0, 0, 3),
('healthi', 4, 0, 0, 0, 0, 0, 0, 0, 0, 0, 3),
('healthi', 5, 0, 0, 0, 0, 0, 0, 0, 0, 0, 3),
('healthi', 6, 0, 0, 0, 0, 0, 0, 0, 0, 0, 3),
('healthi', 7, 0, 0, 0, 0, 0, 0, 0, 0, 0, 3),
('healthi', 8, 0, 0, 0, 0, 0, 0, 0, 0, 0, 3),
('healthi', 9, 0, 0, 0, 0, 0, 0, 0, 0, 0, 3),
('healthi', 10, 0, 0, 0, 0, 0, 0, 0, 0, 0, 3),
('healthi', 11, 0, 0, 0, 0, 0, 0, 0, 0, 0, 3),
('healthi', 12, 0, 0, 0, 0, 0, 0, 0, 0, 0, 3),
('healthi', 13, 0, 0, 0, 0, 0, 0, 0, 0, 0, 3),
('healthi', 14, 0, 0, 0, 0, 0, 0, 0, 0, 0, 3),
('healthi', 15, 0, 0, 0, 0, 0, 0, 0, 0, 0, 3),
('healthi', 16, 0, 0, 0, 0, 0, 0, 0, 0, 0, 3),
('healthi', 17, 0, 0, 0, 0, 0, 0, 0, 0, 0, 3),
('healthi', 18, 0, 0, 0, 0, 0, 0, 0, 0, 0, 3),
('healthi', 19, 0, 0, 0, 0, 0, 0, 0, 0, 0, 3),
('healthi', 20, 0, 0, 0, 0, 0, 0, 0, 0, 0, 3),
('histori', 0, 0, 0, 0, 0, 0, 0, 0, 0, 0, 1),
('histori', 1, 0, 0, 0, 0, 0, 0, 0, 0, 0, 1),
('histori', 2, 0, 0, 0, 0, 0, 0, 0, 0, 0, 1),
('histori', 3, 0, 0, 0, 0, 0, 0, 0, 0, 0, 1),
('histori', 4, 0, 0, 0, 0, 0, 0, 0, 0, 0, 1),
('histori', 5, 0, 0, 0, 0, 0, 0, 0, 0, 0, 1),
('histori', 6, 0, 0, 0, 0, 0, 0, 0, 0, 0, 1),
('histori', 7, 0, 0, 0, 0, 0, 0, 0, 0, 0, 1),
('histori', 8, 0, 0, 0, 0, 0, 0, 0, 0, 0, 1),
('histori', 9, 0, 0, 0, 0, 0, 0, 0, 0, 0, 1),
('histori', 10, 0, 0, 0, 0, 0, 0, 0, 0, 0, 1),
('histori', 11, 0, 0, 0, 0, 0, 0, 0, 0, 0, 1),
('histori', 12, 0, 0, 0, 0, 0, 0, 0, 0, 0, 1),
('histori', 13, 0, 0, 0, 0, 0, 0, 0, 0, 0, 1),
('histori', 14, 0, 0, 0, 0, 0, 0, 0, 0, 0, 1),
('histori', 15, 0, 0, 0, 0, 0, 0, 0, 0, 0, 1),
('histori', 16, 0, 0, 0, 0, 0, 0, 0, 0, 0, 1),
('histori', 17, 0, 0, 0, 0, 0, 0, 0, 0, 0, 1),
('histori', 18, 0, 0, 0, 0, 0, 0, 0, 0, 0, 1),
('histori', 19, 0, 0, 0, 0, 0, 0, 0, 0, 0, 1),
('histori', 20, 0, 0, 0, 0, 0, 0, 0, 0, 0, 1),
('honei', 19, 0, 1, 0, 0, 0, 0, 0, 0, 0, 5),
('icecream', 18, 0, 1, 0, 0, 0, 0, 0, 0, 0, 5),
('import', 0, 0, 0, 0, 0, 0, 0, 0, 0, 0, 2),
('import', 1, 0, 0, 0, 0, 0, 0, 0, 0, 0, 2),
('import', 2, 0, 0, 0, 0, 0, 0, 0, 0, 0, 2),
('import', 3, 0, 0, 0, 0, 0, 0, 0, 0, 0, 2),
('import', 4, 0, 0, 0, 0, 0, 0, 0, 0, 0, 2),
('import', 5, 0, 0, 0, 0, 0, 0, 0, 0, 0, 2),
('import', 6, 0, 0, 0, 0, 0, 0, 0, 0, 0, 2),
('import', 7, 0, 0, 0, 0, 0, 0, 0, 0, 0, 2),
('import', 8, 0, 0, 0, 0, 0, 0, 0, 0, 0, 2),
('import', 9, 0, 0, 0, 0, 0, 0, 0, 0, 0, 2),
('import', 10, 0, 0, 0, 0, 0, 0, 0, 0, 0, 2),
('import', 11, 0, 0, 0, 0, 0, 0, 0, 0, 0, 2),
('import', 12, 0, 0, 0, 0, 0, 0, 0, 0, 0, 2),
('import', 13, 0, 0, 0, 0, 0, 0, 0, 0, 0, 2),
('import', 14, 0, 0, 0, 0, 0, 0, 0, 0, 0, 2),
('import', 15, 0, 0, 0, 0, 0, 0, 0, 0, 0, 2),
('import', 16, 0, 0, 0, 0, 0, 0, 0, 0, 0, 2),
('import', 17, 0, 0, 0, 0, 0, 0, 0, 0, 0, 2),
('import', 18, 0, 0, 0, 0, 0, 0, 0, 0, 0, 2),
('import', 19, 0, 0, 0, 0, 0, 0, 0, 0, 0, 2),
('import', 20, 0, 0, 0, 0, 0, 0, 0, 0, 0, 2),
('kingdom', 0, 1, 0, 0, 0, 0, 0, 0, 0, 0, 1),
('kingdom', 1, 1, 0, 0, 0, 0, 0, 0, 0, 0, 1),
('kingdom', 2, 1, 0, 0, 0, 0, 0, 0, 0, 0, 1),
('kingdom', 3, 1, 0, 0, 0, 0, 0, 0, 0, 0, 1),
('kingdom', 4, 1, 0, 0, 0, 0, 0, 0, 0, 0, 1),
('kingdom', 5, 1, 0, 0, 0, 0, 0, 0, 0, 0, 1),
('kingdom', 6, 1, 0, 0, 0, 0, 0, 0, 0, 0, 1),
('kingdom', 7, 1, 0, 0, 0, 0, 0, 0, 0, 0, 1),
('kingdom', 8, 1, 0, 0, 0, 0, 0, 0, 0, 0, 1),
('kingdom', 9, 1, 0, 0, 0, 0, 0, 0, 0, 0, 1),
('kingdom', 10, 1, 0, 0, 0, 0, 0, 0, 0, 0, 1),
('kingdom', 11, 1, 0, 0, 0, 0, 0, 0, 0, 0, 1),
('kingdom', 12, 1, 0, 0, 0, 0, 0, 0, 0, 0, 1),
('kingdom', 13, 1, 0, 0, 0, 0, 0, 0, 0, 0, 1),
('kingdom', 14, 1, 0, 0, 0, 0, 0, 0, 0, 0, 1),
('kingdom', 15, 1, 0, 0, 0, 0, 0, 0, 0, 0, 1),
('kingdom', 16, 1, 0, 0, 0, 0, 0, 0, 0, 0, 1),
('kingdom', 17, 1, 0, 0, 0, 0, 0, 0, 0, 0, 1),
('kingdom', 18, 1, 0, 0, 0, 0, 0, 0, 0, 0, 1),
('kingdom', 19, 1, 0, 0, 0, 0, 0, 0, 0, 0, 1),
('kingdom', 20, 1, 0, 0, 0, 0, 0, 0, 0, 0, 1),
('kiwi', 3, 0, 1, 0, 0, 0, 0, 0, 0, 0, 5),
('level', 0, 0, 0, 0, 0, 0, 0, 0, 0, 0, 2),
('level', 1, 0, 0, 0, 0, 0, 0, 0, 0, 0, 2),
('level', 2, 0, 0, 0, 0, 0, 0, 0, 0, 0, 2),
('level', 3, 0, 0, 0, 0, 0, 0, 0, 0, 0, 2),
('level', 4, 0, 0, 0, 0, 0, 0, 0, 0, 0, 2),
('level', 5, 0, 0, 0, 0, 0, 0, 0, 0, 0, 2),
('level', 6, 0, 0, 0, 0, 0, 0, 0, 0, 0, 2),
('level', 7, 0, 0, 0, 0, 0, 0, 0, 0, 0, 2),
('level', 8, 0, 0, 0, 0, 0, 0, 0, 0, 0, 2),
('level', 9, 0, 0, 0, 0, 0, 0, 0, 0, 0, 2),
('level', 10, 0, 0, 0, 0, 0, 0, 0, 0, 0, 2),
('level', 11, 0, 0, 0, 0, 0, 0, 0, 0, 0, 2),
('level', 12, 0, 0, 0, 0, 0, 0, 0, 0, 0, 2),
('level', 13, 0, 0, 0, 0, 0, 0, 0, 0, 0, 2),
('level', 14, 0, 0, 0, 0, 0, 0, 0, 0, 0, 2),
('level', 15, 0, 0, 0, 0, 0, 0, 0, 0, 0, 2),
('level', 16, 0, 0, 0, 0, 0, 0, 0, 0, 0, 2),
('level', 17, 0, 0, 0, 0, 0, 0, 0, 0, 0, 2),
('level', 18, 0, 0, 0, 0, 0, 0, 0, 0, 0, 2),
('level', 19, 0, 0, 0, 0, 0, 0, 0, 0, 0, 2),
('level', 20, 0, 0, 0, 0, 0, 0, 0, 0, 0, 2),
('list', 0, 0, 0, 0, 1, 0, 0, 0, 0, 0, 1),
('list', 1, 0, 0, 0, 1, 0, 0, 0, 0, 0, 1),
('list', 2, 0, 0, 0, 1, 0, 0, 0, 0, 0, 1),
('list', 3, 0, 0, 0, 1, 0, 0, 0, 0, 0, 1),
('list', 4, 0, 0, 0, 1, 0, 0, 0, 0, 0, 1),
('list', 5, 0, 0, 0, 1, 0, 0, 0, 0, 0, 1),
('list', 6, 0, 0, 0, 1, 0, 0, 0, 0, 0, 1),
('list', 7, 0, 0, 0, 1, 0, 0, 0, 0, 0, 1),
('list', 8, 0, 0, 0, 1, 0, 0, 0, 0, 0, 1),
('list', 9, 0, 0, 0, 1, 0, 0, 0, 0, 0, 1),
('list', 10, 0, 0, 0, 1, 0, 0, 0, 0, 0, 1),
('list', 11, 0, 0, 0, 1, 0, 0, 0, 0, 0, 1),
('list', 12, 0, 0, 0, 1, 0, 0, 0, 0, 0, 1),
('list', 13, 0, 0, 0, 1, 0, 0, 0, 0, 0, 1),
('list', 14, 0, 0, 0, 1, 0, 0, 0, 0, 0, 1),
('list', 15, 0, 0, 0, 1, 0, 0, 0, 0, 0, 1),
('list', 16, 0, 0, 0, 1, 0, 0, 0, 0, 0, 1),
('list', 17, 0, 0, 0, 1, 0, 0, 0, 0, 0, 1),
('list', 18, 0, 0, 0, 1, 0, 0, 0, 0, 0, 1),
('list', 19, 0, 0, 0, 1, 0, 0, 0, 0, 0, 1),
('list', 20, 0, 0, 0, 1, 0, 0, 0, 0, 0, 1),
('made', 0, 0, 0, 0, 0, 0, 0, 0, 0, 0, 2),
('made', 1, 0, 0, 0, 0, 0, 0, 0, 0, 0, 2),
('made', 2, 0, 0, 0, 0, 0, 0, 0, 0, 0, 2),
('made', 3, 0, 0, 0, 0, 0, 0, 0, 0, 0, 2),
('made', 4, 0, 0, 0, 0, 0, 0, 0, 0, 0, 2),
('made', 5, 0, 0, 0, 0, 0, 0, 0, 0, 0, 2),
('made', 6, 0, 0, 0, 0, 0, 0, 0, 0, 0, 2),
('made', 7, 0, 0, 0, 0, 0, 0, 0, 0, 0, 2),
('made', 8, 0, 0, 0, 0, 0, 0, 0, 0, 0, 2),
('made', 9, 0, 0, 0, 0, 0, 0, 0, 0, 0, 2),
('made', 10, 0, 0, 0, 0, 0, 0, 0, 0, 0, 2),
('made', 11, 0, 0, 0, 0, 0, 0, 0, 0, 0, 2),
('made', 12, 0, 0, 0, 0, 0, 0, 0, 0, 0, 2),
('made', 13, 0, 0, 0, 0, 0, 0, 0, 0, 0, 2),
('made', 14, 0, 0, 0, 0, 0, 0, 0, 0, 0, 2),
('made', 15, 0, 0, 0, 0, 0, 0, 0, 0, 0, 2),
('made', 16, 0, 0, 0, 0, 0, 0, 0, 0, 0, 2),
('made', 17, 0, 0, 0, 0, 0, 0, 0, 0, 0, 2),
('made', 18, 0, 0, 0, 0, 0, 0, 0, 0, 0, 2),
('made', 19, 0, 0, 0, 0, 0, 0, 0, 0, 0, 2),
('made', 20, 0, 0, 0, 0, 0, 0, 0, 0, 0, 2),
('mango', 5, 0, 1, 0, 0, 0, 0, 0, 0, 0, 5),
('oliv', 11, 0, 1, 0, 0, 0, 0, 0, 0, 0, 5),
('orang', 6, 0, 1, 0, 0, 0, 0, 0, 0, 0, 5),
('pea', 9, 0, 1, 0, 0, 0, 0, 0, 0, 0, 5),
('peach', 8, 0, 1, 0, 0, 0, 0, 0, 0, 0, 5),
('pineappl', 2, 0, 1, 0, 0, 0, 0, 0, 0, 0, 5),
('remain', 0, 0, 0, 0, 0, 0, 0, 0, 0, 0, 1),
('remain', 1, 0, 0, 0, 0, 0, 0, 0, 0, 0, 1),
('remain', 2, 0, 0, 0, 0, 0, 0, 0, 0, 0, 1),
('remain', 3, 0, 0, 0, 0, 0, 0, 0, 0, 0, 1),
('remain', 4, 0, 0, 0, 0, 0, 0, 0, 0, 0, 1),
('remain', 5, 0, 0, 0, 0, 0, 0, 0, 0, 0, 1),
('remain', 6, 0, 0, 0, 0, 0, 0, 0, 0, 0, 1),
('remain', 7, 0, 0, 0, 0, 0, 0, 0, 0, 0, 1),
('remain', 8, 0, 0, 0, 0, 0, 0, 0, 0, 0, 1),
('remain', 9, 0, 0, 0, 0, 0, 0, 0, 0, 0, 1),
('remain', 10, 0, 0, 0, 0, 0, 0, 0, 0, 0, 1),
('remain', 11, 0, 0, 0, 0, 0, 0, 0, 0, 0, 1),
('remain', 12, 0, 0, 0, 0, 0, 0, 0, 0, 0, 1),
('remain', 13, 0, 0, 0, 0, 0, 0, 0, 0, 0, 1),
('remain', 14, 0, 0, 0, 0, 0, 0, 0, 0, 0, 1),
('remain', 15, 0, 0, 0, 0, 0, 0, 0, 0, 0, 1),
('remain', 16, 0, 0, 0, 0, 0, 0, 0, 0, 0, 1),
('remain', 17, 0, 0, 0, 0, 0, 0, 0, 0, 0, 1),
('remain', 18, 0, 0, 0, 0, 0, 0, 0, 0, 0, 1),
('remain', 19, 0, 0, 0, 0, 0, 0, 0, 0, 0, 1),
('remain', 20, 0, 0, 0, 0, 0, 0, 0, 0, 0, 1),
('rice', 15, 0, 1, 0, 0, 0, 0, 0, 0, 0, 5),
('show', 0, 0, 0, 0, 0, 0, 0, 0, 0, 0, 2),
('show', 1, 0, 0, 0, 0, 0, 0, 0, 0, 0, 2),
('show', 2, 0, 0, 0, 0, 0, 0, 0, 0, 0, 2),
('show', 3, 0, 0, 0, 0, 0, 0, 0, 0, 0, 2),
('show', 4, 0, 0, 0, 0, 0, 0, 0, 0, 0, 2),
('show', 5, 0, 0, 0, 0, 0, 0, 0, 0, 0, 2),
('show', 6, 0, 0, 0, 0, 0, 0, 0, 0, 0, 2),
('show', 7, 0, 0, 0, 0, 0, 0, 0, 0, 0, 2),
('show', 8, 0, 0, 0, 0, 0, 0, 0, 0, 0, 2),
('show', 9, 0, 0, 0, 0, 0, 0, 0, 0, 0, 2),
('show', 10, 0, 0, 0, 0, 0, 0, 0, 0, 0, 2),
('show', 11, 0, 0, 0, 0, 0, 0, 0, 0, 0, 2),
('show', 12, 0, 0, 0, 0, 0, 0, 0, 0, 0, 2),
('show', 13, 0, 0, 0, 0, 0, 0, 0, 0, 0, 2),
('show', 14, 0, 0, 0, 0, 0, 0, 0, 0, 0, 2),
('show', 15, 0, 0, 0, 0, 0, 0, 0, 0, 0, 2),
('show', 16, 0, 0, 0, 0, 0, 0, 0, 0, 0, 2),
('show', 17, 0, 0, 0, 0, 0, 0, 0, 0, 0, 2),
('show', 18, 0, 0, 0, 0, 0, 0, 0, 0, 0, 2),
('show', 19, 0, 0, 0, 0, 0, 0, 0, 0, 0, 2),
('show', 20, 0, 0, 0, 0, 0, 0, 0, 0, 0, 2),
('statist', 0, 0, 0, 1, 1, 0, 0, 0, 0, 0, 2),
('statist', 1, 0, 0, 1, 1, 0, 0, 0, 0, 0, 2),
('statist', 2, 0, 0, 1, 1, 0, 0, 0, 0, 0, 2),
('statist', 3, 0, 0, 1, 1, 0, 0, 0, 0, 0, 2),
('statist', 4, 0, 0, 1, 1, 0, 0, 0, 0, 0, 2),
('statist', 5, 0, 0, 1, 1, 0, 0, 0, 0, 0, 2),
('statist', 6, 0, 0, 1, 1, 0, 0, 0, 0, 0, 2),
('statist', 7, 0, 0, 1, 1, 0, 0, 0, 0, 0, 2),
('statist', 8, 0, 0, 1, 1, 0, 0, 0, 0, 0, 2),
('statist', 9, 0, 0, 1, 1, 0, 0, 0, 0, 0, 2),
('statist', 10, 0, 0, 1, 1, 0, 0, 0, 0, 0, 2),
('statist', 11, 0, 0, 1, 1, 0, 0, 0, 0, 0, 2),
('statist', 12, 0, 0, 1, 1, 0, 0, 0, 0, 0, 2),
('statist', 13, 0, 0, 1, 1, 0, 0, 0, 0, 0, 2),
('statist', 14, 0, 0, 1, 1, 0, 0, 0, 0, 0, 2),
('statist', 15, 0, 0, 1, 1, 0, 0, 0, 0, 0, 2),
('statist', 16, 0, 0, 1, 1, 0, 0, 0, 0, 0, 2),
('statist', 17, 0, 0, 1, 1, 0, 0, 0, 0, 0, 2),
('statist', 18, 0, 0, 1, 1, 0, 0, 0, 0, 0, 2),
('statist', 19, 0, 0, 1, 1, 0, 0, 0, 0, 0, 2),
('statist', 20, 0, 0, 1, 1, 0, 0, 0, 0, 0, 2),
('tabl', 0, 0, 0, 1, 0, 0, 0, 0, 0, 0, 1),
('tabl', 1, 0, 0, 1, 0, 0, 0, 0, 0, 0, 1),
('tabl', 2, 0, 0, 1, 0, 0, 0, 0, 0, 0, 1),
('tabl', 3, 0, 0, 1, 0, 0, 0, 0, 0, 0, 1),
('tabl', 4, 0, 0, 1, 0, 0, 0, 0, 0, 0, 1),
('tabl', 5, 0, 0, 1, 0, 0, 0, 0, 0, 0, 1),
('tabl', 6, 0, 0, 1, 0, 0, 0, 0, 0, 0, 1),
('tabl', 7, 0, 0, 1, 0, 0, 0, 0, 0, 0, 1),
('tabl', 8, 0, 0, 1, 0, 0, 0, 0, 0, 0, 1),
('tabl', 9, 0, 0, 1, 0, 0, 0, 0, 0, 0, 1),
('tabl', 10, 0, 0, 1, 0, 0, 0, 0, 0, 0, 1),
('tabl', 11, 0, 0, 1, 0, 0, 0, 0, 0, 0, 1),
('tabl', 12, 0, 0, 1, 0, 0, 0, 0, 0, 0, 1),
('tabl', 13, 0, 0, 1, 0, 0, 0, 0, 0, 0, 1),
('tabl', 14, 0, 0, 1, 0, 0, 0, 0, 0, 0, 1),
('tabl', 15, 0, 0, 1, 0, 0, 0, 0, 0, 0, 1),
('tabl', 16, 0, 0, 1, 0, 0, 0, 0, 0, 0, 1),
('tabl', 17, 0, 0, 1, 0, 0, 0, 0, 0, 0, 1),
('tabl', 18, 0, 0, 1, 0, 0, 0, 0, 0, 0, 1),
('tabl', 19, 0, 0, 1, 0, 0, 0, 0, 0, 0, 1),
('tabl', 20, 0, 0, 1, 0, 0, 0, 0, 0, 0, 1),
('tangerin', 7, 0, 1, 0, 0, 0, 0, 0, 0, 0, 5),
('till', 0, 0, 0, 0, 0, 0, 0, 0, 0, 0, 2),
('till', 1, 0, 0, 0, 0, 0, 0, 0, 0, 0, 2),
('till', 2, 0, 0, 0, 0, 0, 0, 0, 0, 0, 2),
('till', 3, 0, 0, 0, 0, 0, 0, 0, 0, 0, 2),
('till', 4, 0, 0, 0, 0, 0, 0, 0, 0, 0, 2),
('till', 5, 0, 0, 0, 0, 0, 0, 0, 0, 0, 2),
('till', 6, 0, 0, 0, 0, 0, 0, 0, 0, 0, 2),
('till', 7, 0, 0, 0, 0, 0, 0, 0, 0, 0, 2),
('till', 8, 0, 0, 0, 0, 0, 0, 0, 0, 0, 2),
('till', 9, 0, 0, 0, 0, 0, 0, 0, 0, 0, 2),
('till', 10, 0, 0, 0, 0, 0, 0, 0, 0, 0, 2),
('till', 11, 0, 0, 0, 0, 0, 0, 0, 0, 0, 2),
('till', 12, 0, 0, 0, 0, 0, 0, 0, 0, 0, 2),
('till', 13, 0, 0, 0, 0, 0, 0, 0, 0, 0, 2),
('till', 14, 0, 0, 0, 0, 0, 0, 0, 0, 0, 2),
('till', 15, 0, 0, 0, 0, 0, 0, 0, 0, 0, 2),
('till', 16, 0, 0, 0, 0, 0, 0, 0, 0, 0, 2),
('till', 17, 0, 0, 0, 0, 0, 0, 0, 0, 0, 2),
('till', 18, 0, 0, 0, 0, 0, 0, 0, 0, 0, 2),
('till', 19, 0, 0, 0, 0, 0, 0, 0, 0, 0, 2),
('till', 20, 0, 0, 0, 0, 0, 0, 0, 0, 0, 2),
('tomato', 14, 0, 1, 0, 0, 0, 0, 0, 0, 0, 5),
('watermelon', 4, 0, 1, 0, 0, 0, 0, 0, 0, 0, 5);

-- --------------------------------------------------------

--
-- Structure for view `results_view`
--
DROP TABLE IF EXISTS `results_view`;

CREATE ALGORITHM=UNDEFINED DEFINER=`root`@`localhost` SQL SECURITY DEFINER VIEW `results_view`  AS  select `doc_links`.`docID` AS `docID`,`doc_links`.`docTitle` AS `docTitle`,`doc_links`.`docLink` AS `docLink` from `doc_links` ;

--
-- Indexes for dumped tables
--

--
-- Indexes for table `doc_links`
--
ALTER TABLE `doc_links`
  ADD PRIMARY KEY (`docID`);

--
-- Indexes for table `pos_index`
--
ALTER TABLE `pos_index`
  ADD PRIMARY KEY (`term`,`docID`,`tagType`,`tagNum`,`posNum`);

--
-- Indexes for table `queries`
--
ALTER TABLE `queries`
  ADD PRIMARY KEY (`query_text`);

--
-- Indexes for table `tag_index`
--
ALTER TABLE `tag_index`
  ADD PRIMARY KEY (`term`,`docID`),
  ADD KEY `docID` (`docID`);

--
-- Constraints for dumped tables
--

--
-- Constraints for table `pos_index`
--
ALTER TABLE `pos_index`
  ADD CONSTRAINT `pos_index_ibfk_1` FOREIGN KEY (`term`) REFERENCES `tag_index` (`term`) ON DELETE CASCADE;

--
-- Constraints for table `tag_index`
--
ALTER TABLE `tag_index`
  ADD CONSTRAINT `tag_index_ibfk_1` FOREIGN KEY (`docID`) REFERENCES `doc_links` (`docID`) ON DELETE CASCADE;

/*!40101 SET CHARACTER_SET_CLIENT=@OLD_CHARACTER_SET_CLIENT */;
/*!40101 SET CHARACTER_SET_RESULTS=@OLD_CHARACTER_SET_RESULTS */;
/*!40101 SET COLLATION_CONNECTION=@OLD_COLLATION_CONNECTION */;
