-- phpMyAdmin SQL Dump
-- version 4.5.1
-- http://www.phpmyadmin.net
--
-- Host: 127.0.0.1
-- Generation Time: May 20, 2017 at 06:37 PM
-- Server version: 10.1.19-MariaDB
-- PHP Version: 5.6.28

SET SQL_MODE = "NO_AUTO_VALUE_ON_ZERO";
SET time_zone = "+00:00";


/*!40101 SET @OLD_CHARACTER_SET_CLIENT=@@CHARACTER_SET_CLIENT */;
/*!40101 SET @OLD_CHARACTER_SET_RESULTS=@@CHARACTER_SET_RESULTS */;
/*!40101 SET @OLD_COLLATION_CONNECTION=@@COLLATION_CONNECTION */;
/*!40101 SET NAMES utf8mb4 */;

--
-- Database: `search`
--

-- --------------------------------------------------------

--
-- Table structure for table `doc_hits`
--

CREATE TABLE `doc_hits` (
  `docLink` varchar(600) NOT NULL,
  `docHits` int(11) NOT NULL DEFAULT '0'
) ENGINE=InnoDB DEFAULT CHARSET=latin1;

-- --------------------------------------------------------

--
-- Table structure for table `doc_links`
--

CREATE TABLE `doc_links` (
  `docID` int(11) NOT NULL,
  `docTitle` varchar(255) DEFAULT '[In Progress]',
  `docLink` varchar(255) NOT NULL,
  `docWordCount` int(11) NOT NULL DEFAULT '0',
  `isIndexed` int(11) NOT NULL DEFAULT '1'
) ENGINE=InnoDB DEFAULT CHARSET=latin1;

--
-- Dumping data for table `doc_links`
--

INSERT INTO `doc_links` (`docID`, `docTitle`, `docLink`, `docWordCount`, `isIndexed`) VALUES
(0, 'Food Kingdom: Apples', 'www.apples.com', 0, 1),
(1, 'Food Kingdom: Bananas', 'www.bananas.com', 0, 1),
(2, 'Food Kingdom: Pineapples', 'www.pineapples.com', 0, 1),
(3, 'Food Kingdom: Kiwis', 'www.kiwis.com', 0, 1),
(4, 'Food Kingdom: Watermelons', 'www.watermelons.com', 0, 1),
(5, 'Food Kingdom: Mangos', 'www.mangos.com', 0, 1),
(6, 'Food Kingdom: Oranges', 'www.oranges.com', 0, 1),
(7, 'Food Kingdom: Tangerines', 'www.tangerines.com', 0, 1),
(8, 'Food Kingdom: Peaches', 'www.peaches.com', 0, 1),
(9, 'Food Kingdom: Peas', 'www.peas.com', 0, 1),
(10, 'Food Kingdom: Carrots', 'www.carrots.com', 0, 1),
(11, 'Food Kingdom: Olives', 'www.olives.com', 0, 1),
(12, 'Food Kingdom: Candies', 'www.candies.com', 0, 1),
(13, 'Food Kingdom: Cornflakes', 'www.cornflakes.com', 0, 1),
(14, 'Food Kingdom: Tomatoes', 'www.tomatoes.com', 0, 1),
(15, 'Food Kingdom: Rice', 'www.rice.com', 0, 1),
(16, 'Food Kingdom: Fried Food', 'www.fried-food.com', 0, 1),
(17, 'Food Kingdom: Doughnuts', 'www.doughnuts.com', 0, 1),
(18, 'Food Kingdom: Icecream', 'www.icecream.com', 0, 1),
(19, 'Food Kingdom: Honey', 'www.honey.com', 0, 1),
(20, 'Food Kingdom: Chocolates', 'www.chocolates.com', 0, 1);

-- --------------------------------------------------------

--
-- Table structure for table `pos_index`
--

CREATE TABLE `pos_index` (
  `term` varchar(255) NOT NULL,
  `docID` int(11) NOT NULL,
  `tagNum` int(11) NOT NULL,
  `posNum` int(11) NOT NULL
) ENGINE=InnoDB DEFAULT CHARSET=latin1;

--
-- Dumping data for table `pos_index`
--

INSERT INTO `pos_index` (`term`, `docID`, `tagNum`, `posNum`) VALUES
('320', 0, 10, 0),
('320', 0, 15, 1),
('320', 1, 10, 0),
('320', 1, 15, 1),
('320', 2, 10, 0),
('320', 2, 15, 1),
('320', 3, 10, 0),
('320', 3, 15, 1),
('320', 4, 10, 0),
('320', 4, 15, 1),
('320', 5, 10, 0),
('320', 5, 15, 1),
('320', 6, 10, 0),
('320', 6, 15, 1),
('320', 7, 10, 0),
('320', 7, 15, 1),
('320', 8, 10, 0),
('320', 8, 15, 1),
('320', 9, 10, 0),
('320', 9, 15, 1),
('320', 10, 10, 0),
('320', 10, 15, 1),
('320', 11, 10, 0),
('320', 11, 15, 1),
('320', 12, 10, 0),
('320', 12, 15, 1),
('320', 13, 10, 0),
('320', 13, 15, 1),
('320', 14, 10, 0),
('320', 14, 15, 1),
('320', 15, 10, 0),
('320', 15, 15, 1),
('320', 16, 10, 0),
('320', 16, 15, 1),
('320', 17, 10, 0),
('320', 17, 15, 1),
('320', 18, 10, 0),
('320', 18, 15, 1),
('320', 19, 10, 0),
('320', 19, 15, 1),
('320', 20, 10, 0),
('320', 20, 15, 1),
('a', 0, 2, 7),
('a', 0, 3, 10),
('a', 0, 5, 4),
('a', 0, 13, 4),
('a', 1, 2, 7),
('a', 1, 3, 10),
('a', 1, 5, 4),
('a', 1, 13, 4),
('a', 2, 2, 7),
('a', 2, 3, 10),
('a', 2, 5, 4),
('a', 2, 13, 4),
('a', 3, 2, 7),
('a', 3, 3, 10),
('a', 3, 5, 4),
('a', 3, 13, 4),
('a', 4, 2, 7),
('a', 4, 3, 10),
('a', 4, 5, 4),
('a', 4, 13, 4),
('a', 5, 2, 7),
('a', 5, 3, 10),
('a', 5, 5, 4),
('a', 5, 13, 4),
('a', 6, 2, 7),
('a', 6, 3, 10),
('a', 6, 5, 4),
('a', 6, 13, 4),
('a', 7, 2, 7),
('a', 7, 3, 10),
('a', 7, 5, 4),
('a', 7, 13, 4),
('a', 8, 2, 7),
('a', 8, 3, 10),
('a', 8, 5, 4),
('a', 8, 13, 4),
('a', 9, 2, 7),
('a', 9, 3, 10),
('a', 9, 5, 4),
('a', 9, 13, 4),
('a', 10, 2, 7),
('a', 10, 3, 10),
('a', 10, 5, 4),
('a', 10, 13, 4),
('a', 11, 2, 7),
('a', 11, 3, 10),
('a', 11, 5, 4),
('a', 11, 13, 4),
('a', 12, 2, 7),
('a', 12, 3, 10),
('a', 12, 5, 4),
('a', 12, 13, 4),
('a', 13, 2, 7),
('a', 13, 3, 10),
('a', 13, 5, 4),
('a', 13, 13, 4),
('a', 14, 2, 7),
('a', 14, 3, 10),
('a', 14, 5, 4),
('a', 14, 13, 4),
('a', 15, 2, 7),
('a', 15, 3, 10),
('a', 15, 5, 4),
('a', 15, 13, 4),
('a', 16, 2, 7),
('a', 16, 3, 11),
('a', 16, 5, 4),
('a', 16, 13, 4),
('a', 17, 2, 7),
('a', 17, 3, 10),
('a', 17, 5, 4),
('a', 17, 13, 4),
('a', 18, 2, 7),
('a', 18, 3, 10),
('a', 18, 5, 4),
('a', 18, 13, 4),
('a', 19, 2, 7),
('a', 19, 3, 10),
('a', 19, 5, 4),
('a', 19, 13, 4),
('a', 20, 2, 7),
('a', 20, 3, 10),
('a', 20, 5, 4),
('a', 20, 13, 4),
('about', 0, 5, 8),
('about', 0, 13, 8),
('about', 1, 5, 8),
('about', 1, 13, 8),
('about', 2, 5, 8),
('about', 2, 13, 8),
('about', 3, 5, 8),
('about', 3, 13, 8),
('about', 4, 5, 8),
('about', 4, 13, 8),
('about', 5, 5, 8),
('about', 5, 13, 8),
('about', 6, 5, 8),
('about', 6, 13, 8),
('about', 7, 5, 8),
('about', 7, 13, 8),
('about', 8, 5, 8),
('about', 8, 13, 8),
('about', 9, 5, 8),
('about', 9, 13, 8),
('about', 10, 5, 8),
('about', 10, 13, 8),
('about', 11, 5, 8),
('about', 11, 13, 8),
('about', 12, 5, 8),
('about', 12, 13, 8),
('about', 13, 5, 8),
('about', 13, 13, 8),
('about', 14, 5, 8),
('about', 14, 13, 8),
('about', 15, 5, 8),
('about', 15, 13, 8),
('about', 16, 5, 8),
('about', 16, 13, 8),
('about', 17, 5, 8),
('about', 17, 13, 8),
('about', 18, 5, 8),
('about', 18, 13, 8),
('about', 19, 5, 8),
('about', 19, 13, 8),
('about', 20, 5, 8),
('about', 20, 13, 8),
('appl', 0, 0, 2),
('appl', 0, 1, 0),
('appl', 0, 2, 11),
('appl', 0, 3, 3),
('appl', 0, 3, 13),
('appl', 0, 9, 0),
('appl', 0, 14, 0),
('apples', 0, 0, 2),
('apples', 0, 1, 0),
('apples', 0, 2, 11),
('apples', 0, 3, 3),
('apples', 0, 3, 13),
('apples', 0, 9, 0),
('apples', 0, 14, 0),
('ar', 0, 2, 10),
('ar', 0, 3, 4),
('ar', 0, 3, 14),
('ar', 1, 2, 10),
('ar', 1, 3, 4),
('ar', 1, 3, 14),
('ar', 2, 2, 10),
('ar', 2, 3, 4),
('ar', 2, 3, 14),
('ar', 3, 2, 10),
('ar', 3, 3, 4),
('ar', 3, 3, 14),
('ar', 4, 2, 10),
('ar', 4, 3, 4),
('ar', 4, 3, 14),
('ar', 5, 2, 10),
('ar', 5, 3, 4),
('ar', 5, 3, 14),
('ar', 6, 2, 10),
('ar', 6, 3, 4),
('ar', 6, 3, 14),
('ar', 7, 2, 10),
('ar', 7, 3, 4),
('ar', 7, 3, 14),
('ar', 8, 2, 10),
('ar', 8, 3, 4),
('ar', 8, 3, 14),
('ar', 9, 2, 10),
('ar', 9, 3, 4),
('ar', 9, 3, 14),
('ar', 10, 2, 10),
('ar', 10, 3, 4),
('ar', 10, 3, 14),
('ar', 11, 2, 10),
('ar', 11, 3, 4),
('ar', 11, 3, 14),
('ar', 12, 2, 10),
('ar', 12, 3, 4),
('ar', 12, 3, 14),
('ar', 13, 2, 10),
('ar', 13, 3, 4),
('ar', 13, 3, 14),
('ar', 14, 2, 10),
('ar', 14, 3, 4),
('ar', 14, 3, 14),
('ar', 15, 2, 10),
('ar', 15, 3, 4),
('ar', 15, 3, 14),
('ar', 16, 2, 10),
('ar', 16, 3, 5),
('ar', 16, 3, 16),
('ar', 17, 2, 10),
('ar', 17, 3, 4),
('ar', 17, 3, 14),
('ar', 18, 2, 10),
('ar', 18, 3, 4),
('ar', 18, 3, 14),
('ar', 19, 2, 10),
('ar', 19, 3, 4),
('ar', 19, 3, 14),
('ar', 20, 2, 10),
('ar', 20, 3, 4),
('ar', 20, 3, 14),
('are', 0, 2, 10),
('are', 0, 3, 4),
('are', 0, 3, 14),
('are', 1, 2, 10),
('are', 1, 3, 4),
('are', 1, 3, 14),
('are', 2, 2, 10),
('are', 2, 3, 4),
('are', 2, 3, 14),
('are', 3, 2, 10),
('are', 3, 3, 4),
('are', 3, 3, 14),
('are', 4, 2, 10),
('are', 4, 3, 4),
('are', 4, 3, 14),
('are', 5, 2, 10),
('are', 5, 3, 4),
('are', 5, 3, 14),
('are', 6, 2, 10),
('are', 6, 3, 4),
('are', 6, 3, 14),
('are', 7, 2, 10),
('are', 7, 3, 4),
('are', 7, 3, 14),
('are', 8, 2, 10),
('are', 8, 3, 4),
('are', 8, 3, 14),
('are', 9, 2, 10),
('are', 9, 3, 4),
('are', 9, 3, 14),
('are', 10, 2, 10),
('are', 10, 3, 4),
('are', 10, 3, 14),
('are', 11, 2, 10),
('are', 11, 3, 4),
('are', 11, 3, 14),
('are', 12, 2, 10),
('are', 12, 3, 4),
('are', 12, 3, 14),
('are', 13, 2, 10),
('are', 13, 3, 4),
('are', 13, 3, 14),
('are', 14, 2, 10),
('are', 14, 3, 4),
('are', 14, 3, 14),
('are', 15, 2, 10),
('are', 15, 3, 4),
('are', 15, 3, 14),
('are', 16, 2, 10),
('are', 16, 3, 5),
('are', 16, 3, 16),
('are', 17, 2, 10),
('are', 17, 3, 4),
('are', 17, 3, 14),
('are', 18, 2, 10),
('are', 18, 3, 4),
('are', 18, 3, 14),
('are', 19, 2, 10),
('are', 19, 3, 4),
('are', 19, 3, 14),
('are', 20, 2, 10),
('are', 20, 3, 4),
('are', 20, 3, 14),
('banana', 1, 0, 2),
('banana', 1, 1, 0),
('banana', 1, 2, 11),
('banana', 1, 3, 3),
('banana', 1, 3, 13),
('banana', 1, 9, 0),
('banana', 1, 14, 0),
('bananas', 1, 0, 2),
('bananas', 1, 1, 0),
('bananas', 1, 2, 11),
('bananas', 1, 3, 3),
('bananas', 1, 3, 13),
('bananas', 1, 9, 0),
('bananas', 1, 14, 0),
('calori', 0, 7, 0),
('calori', 0, 15, 0),
('calori', 1, 7, 0),
('calori', 1, 15, 0),
('calori', 2, 7, 0),
('calori', 2, 15, 0),
('calori', 3, 7, 0),
('calori', 3, 15, 0),
('calori', 4, 7, 0),
('calori', 4, 15, 0),
('calori', 5, 7, 0),
('calori', 5, 15, 0),
('calori', 6, 7, 0),
('calori', 6, 15, 0),
('calori', 7, 7, 0),
('calori', 7, 15, 0),
('calori', 8, 7, 0),
('calori', 8, 15, 0),
('calori', 9, 7, 0),
('calori', 9, 15, 0),
('calori', 10, 7, 0),
('calori', 10, 15, 0),
('calori', 11, 7, 0),
('calori', 11, 15, 0),
('calori', 12, 7, 0),
('calori', 12, 15, 0),
('calori', 13, 7, 0),
('calori', 13, 15, 0),
('calori', 14, 7, 0),
('calori', 14, 15, 0),
('calori', 15, 7, 0),
('calori', 15, 15, 0),
('calori', 16, 7, 0),
('calori', 16, 15, 0),
('calori', 17, 7, 0),
('calori', 17, 15, 0),
('calori', 18, 7, 0),
('calori', 18, 15, 0),
('calori', 19, 7, 0),
('calori', 19, 15, 0),
('calori', 20, 7, 0),
('calori', 20, 15, 0),
('calories', 0, 7, 0),
('calories', 0, 15, 0),
('calories', 1, 7, 0),
('calories', 1, 15, 0),
('calories', 2, 7, 0),
('calories', 2, 15, 0),
('calories', 3, 7, 0),
('calories', 3, 15, 0),
('calories', 4, 7, 0),
('calories', 4, 15, 0),
('calories', 5, 7, 0),
('calories', 5, 15, 0),
('calories', 6, 7, 0),
('calories', 6, 15, 0),
('calories', 7, 7, 0),
('calories', 7, 15, 0),
('calories', 8, 7, 0),
('calories', 8, 15, 0),
('calories', 9, 7, 0),
('calories', 9, 15, 0),
('calories', 10, 7, 0),
('calories', 10, 15, 0),
('calories', 11, 7, 0),
('calories', 11, 15, 0),
('calories', 12, 7, 0),
('calories', 12, 15, 0),
('calories', 13, 7, 0),
('calories', 13, 15, 0),
('calories', 14, 7, 0),
('calories', 14, 15, 0),
('calories', 15, 7, 0),
('calories', 15, 15, 0),
('calories', 16, 7, 0),
('calories', 16, 15, 0),
('calories', 17, 7, 0),
('calories', 17, 15, 0),
('calories', 18, 7, 0),
('calories', 18, 15, 0),
('calories', 19, 7, 0),
('calories', 19, 15, 0),
('calories', 20, 7, 0),
('calories', 20, 15, 0),
('candi', 12, 0, 2),
('candi', 12, 1, 0),
('candi', 12, 2, 11),
('candi', 12, 3, 3),
('candi', 12, 3, 13),
('candi', 12, 9, 0),
('candi', 12, 14, 0),
('candies', 12, 0, 2),
('candies', 12, 1, 0),
('candies', 12, 2, 11),
('candies', 12, 3, 3),
('candies', 12, 3, 13),
('candies', 12, 9, 0),
('candies', 12, 14, 0),
('carrot', 10, 0, 2),
('carrot', 10, 1, 0),
('carrot', 10, 2, 11),
('carrot', 10, 3, 3),
('carrot', 10, 3, 13),
('carrot', 10, 9, 0),
('carrot', 10, 14, 0),
('carrots', 10, 0, 2),
('carrots', 10, 1, 0),
('carrots', 10, 2, 11),
('carrots', 10, 3, 3),
('carrots', 10, 3, 13),
('carrots', 10, 9, 0),
('carrots', 10, 14, 0),
('chocol', 20, 0, 2),
('chocol', 20, 1, 0),
('chocol', 20, 2, 11),
('chocol', 20, 3, 3),
('chocol', 20, 3, 13),
('chocol', 20, 9, 0),
('chocol', 20, 14, 0),
('chocolates', 20, 0, 2),
('chocolates', 20, 1, 0),
('chocolates', 20, 2, 11),
('chocolates', 20, 3, 3),
('chocolates', 20, 3, 13),
('chocolates', 20, 9, 0),
('chocolates', 20, 14, 0),
('cornflak', 13, 0, 2),
('cornflak', 13, 1, 0),
('cornflak', 13, 2, 11),
('cornflak', 13, 3, 3),
('cornflak', 13, 3, 13),
('cornflak', 13, 9, 0),
('cornflak', 13, 14, 0),
('cornflakes', 13, 0, 2),
('cornflakes', 13, 1, 0),
('cornflakes', 13, 2, 11),
('cornflakes', 13, 3, 3),
('cornflakes', 13, 3, 13),
('cornflakes', 13, 9, 0),
('cornflakes', 13, 14, 0),
('dai', 0, 2, 3),
('dai', 1, 2, 3),
('dai', 2, 2, 3),
('dai', 3, 2, 3),
('dai', 4, 2, 3),
('dai', 5, 2, 3),
('dai', 6, 2, 3),
('dai', 7, 2, 3),
('dai', 8, 2, 3),
('dai', 9, 2, 3),
('dai', 10, 2, 3),
('dai', 11, 2, 3),
('dai', 12, 2, 3),
('dai', 13, 2, 3),
('dai', 14, 2, 3),
('dai', 15, 2, 3),
('dai', 16, 2, 3),
('dai', 17, 2, 3),
('dai', 18, 2, 3),
('dai', 19, 2, 3),
('dai', 20, 2, 3),
('day', 0, 2, 3),
('day', 1, 2, 3),
('day', 2, 2, 3),
('day', 3, 2, 3),
('day', 4, 2, 3),
('day', 5, 2, 3),
('day', 6, 2, 3),
('day', 7, 2, 3),
('day', 8, 2, 3),
('day', 9, 2, 3),
('day', 10, 2, 3),
('day', 11, 2, 3),
('day', 12, 2, 3),
('day', 13, 2, 3),
('day', 14, 2, 3),
('day', 15, 2, 3),
('day', 16, 2, 3),
('day', 17, 2, 3),
('day', 18, 2, 3),
('day', 19, 2, 3),
('day', 20, 2, 3),
('doubt', 0, 3, 11),
('doubt', 1, 3, 11),
('doubt', 2, 3, 11),
('doubt', 3, 3, 11),
('doubt', 4, 3, 11),
('doubt', 5, 3, 11),
('doubt', 6, 3, 11),
('doubt', 7, 3, 11),
('doubt', 8, 3, 11),
('doubt', 9, 3, 11),
('doubt', 10, 3, 11),
('doubt', 11, 3, 11),
('doubt', 12, 3, 11),
('doubt', 13, 3, 11),
('doubt', 14, 3, 11),
('doubt', 15, 3, 11),
('doubt', 16, 3, 12),
('doubt', 17, 3, 11),
('doubt', 18, 3, 11),
('doubt', 19, 3, 11),
('doubt', 20, 3, 11),
('doughnut', 17, 0, 2),
('doughnut', 17, 1, 0),
('doughnut', 17, 2, 11),
('doughnut', 17, 3, 3),
('doughnut', 17, 3, 13),
('doughnut', 17, 9, 0),
('doughnut', 17, 14, 0),
('doughnuts', 17, 0, 2),
('doughnuts', 17, 1, 0),
('doughnuts', 17, 2, 11),
('doughnuts', 17, 3, 3),
('doughnuts', 17, 3, 13),
('doughnuts', 17, 9, 0),
('doughnuts', 17, 14, 0),
('eaten', 0, 3, 17),
('eaten', 1, 3, 17),
('eaten', 2, 3, 17),
('eaten', 3, 3, 17),
('eaten', 4, 3, 17),
('eaten', 5, 3, 17),
('eaten', 6, 3, 17),
('eaten', 7, 3, 17),
('eaten', 8, 3, 17),
('eaten', 9, 3, 17),
('eaten', 10, 3, 17),
('eaten', 11, 3, 17),
('eaten', 12, 3, 17),
('eaten', 13, 3, 17),
('eaten', 14, 3, 17),
('eaten', 15, 3, 17),
('eaten', 16, 3, 19),
('eaten', 17, 3, 17),
('eaten', 18, 3, 17),
('eaten', 19, 3, 17),
('eaten', 20, 3, 17),
('exactli', 0, 2, 14),
('exactli', 1, 2, 14),
('exactli', 2, 2, 14),
('exactli', 3, 2, 14),
('exactli', 4, 2, 14),
('exactli', 5, 2, 14),
('exactli', 6, 2, 14),
('exactli', 7, 2, 14),
('exactli', 8, 2, 14),
('exactli', 9, 2, 14),
('exactli', 10, 2, 14),
('exactli', 11, 2, 14),
('exactli', 12, 2, 14),
('exactli', 13, 2, 14),
('exactli', 14, 2, 14),
('exactli', 15, 2, 14),
('exactli', 16, 2, 15),
('exactli', 17, 2, 14),
('exactli', 18, 2, 14),
('exactli', 19, 2, 14),
('exactli', 20, 2, 14),
('exactly', 0, 2, 14),
('exactly', 1, 2, 14),
('exactly', 2, 2, 14),
('exactly', 3, 2, 14),
('exactly', 4, 2, 14),
('exactly', 5, 2, 14),
('exactly', 6, 2, 14),
('exactly', 7, 2, 14),
('exactly', 8, 2, 14),
('exactly', 9, 2, 14),
('exactly', 10, 2, 14),
('exactly', 11, 2, 14),
('exactly', 12, 2, 14),
('exactly', 13, 2, 14),
('exactly', 14, 2, 14),
('exactly', 15, 2, 14),
('exactly', 16, 2, 15),
('exactly', 17, 2, 14),
('exactly', 18, 2, 14),
('exactly', 19, 2, 14),
('exactly', 20, 2, 14),
('few', 0, 5, 5),
('few', 0, 13, 5),
('few', 1, 5, 5),
('few', 1, 13, 5),
('few', 2, 5, 5),
('few', 2, 13, 5),
('few', 3, 5, 5),
('few', 3, 13, 5),
('few', 4, 5, 5),
('few', 4, 13, 5),
('few', 5, 5, 5),
('few', 5, 13, 5),
('few', 6, 5, 5),
('few', 6, 13, 5),
('few', 7, 5, 5),
('few', 7, 13, 5),
('few', 8, 5, 5),
('few', 8, 13, 5),
('few', 9, 5, 5),
('few', 9, 13, 5),
('few', 10, 5, 5),
('few', 10, 13, 5),
('few', 11, 5, 5),
('few', 11, 13, 5),
('few', 12, 5, 5),
('few', 12, 13, 5),
('few', 13, 5, 5),
('few', 13, 13, 5),
('few', 14, 5, 5),
('few', 14, 13, 5),
('few', 15, 5, 5),
('few', 15, 13, 5),
('few', 16, 5, 5),
('few', 16, 13, 5),
('few', 17, 5, 5),
('few', 17, 13, 5),
('few', 18, 5, 5),
('few', 18, 13, 5),
('few', 19, 5, 5),
('few', 19, 13, 5),
('few', 20, 5, 5),
('few', 20, 13, 5),
('follow', 0, 5, 1),
('follow', 0, 13, 1),
('follow', 1, 5, 1),
('follow', 1, 13, 1),
('follow', 2, 5, 1),
('follow', 2, 13, 1),
('follow', 3, 5, 1),
('follow', 3, 13, 1),
('follow', 4, 5, 1),
('follow', 4, 13, 1),
('follow', 5, 5, 1),
('follow', 5, 13, 1),
('follow', 6, 5, 1),
('follow', 6, 13, 1),
('follow', 7, 5, 1),
('follow', 7, 13, 1),
('follow', 8, 5, 1),
('follow', 8, 13, 1),
('follow', 9, 5, 1),
('follow', 9, 13, 1),
('follow', 10, 5, 1),
('follow', 10, 13, 1),
('follow', 11, 5, 1),
('follow', 11, 13, 1),
('follow', 12, 5, 1),
('follow', 12, 13, 1),
('follow', 13, 5, 1),
('follow', 13, 13, 1),
('follow', 14, 5, 1),
('follow', 14, 13, 1),
('follow', 15, 5, 1),
('follow', 15, 13, 1),
('follow', 16, 5, 1),
('follow', 16, 13, 1),
('follow', 17, 5, 1),
('follow', 17, 13, 1),
('follow', 18, 5, 1),
('follow', 18, 13, 1),
('follow', 19, 5, 1),
('follow', 19, 13, 1),
('follow', 20, 5, 1),
('follow', 20, 13, 1),
('following', 0, 5, 1),
('following', 0, 13, 1),
('following', 1, 5, 1),
('following', 1, 13, 1),
('following', 2, 5, 1),
('following', 2, 13, 1),
('following', 3, 5, 1),
('following', 3, 13, 1),
('following', 4, 5, 1),
('following', 4, 13, 1),
('following', 5, 5, 1),
('following', 5, 13, 1),
('following', 6, 5, 1),
('following', 6, 13, 1),
('following', 7, 5, 1),
('following', 7, 13, 1),
('following', 8, 5, 1),
('following', 8, 13, 1),
('following', 9, 5, 1),
('following', 9, 13, 1),
('following', 10, 5, 1),
('following', 10, 13, 1),
('following', 11, 5, 1),
('following', 11, 13, 1),
('following', 12, 5, 1),
('following', 12, 13, 1),
('following', 13, 5, 1),
('following', 13, 13, 1),
('following', 14, 5, 1),
('following', 14, 13, 1),
('following', 15, 5, 1),
('following', 15, 13, 1),
('following', 16, 5, 1),
('following', 16, 13, 1),
('following', 17, 5, 1),
('following', 17, 13, 1),
('following', 18, 5, 1),
('following', 18, 13, 1),
('following', 19, 5, 1),
('following', 19, 13, 1),
('following', 20, 5, 1),
('following', 20, 13, 1),
('food', 0, 0, 0),
('food', 0, 3, 19),
('food', 0, 3, 22),
('food', 0, 5, 10),
('food', 0, 6, 0),
('food', 0, 13, 10),
('food', 1, 0, 0),
('food', 1, 3, 19),
('food', 1, 3, 22),
('food', 1, 5, 10),
('food', 1, 6, 0),
('food', 1, 13, 10),
('food', 2, 0, 0),
('food', 2, 3, 19),
('food', 2, 3, 22),
('food', 2, 5, 10),
('food', 2, 6, 0),
('food', 2, 13, 10),
('food', 3, 0, 0),
('food', 3, 3, 19),
('food', 3, 3, 22),
('food', 3, 5, 10),
('food', 3, 6, 0),
('food', 3, 13, 10),
('food', 4, 0, 0),
('food', 4, 3, 19),
('food', 4, 3, 22),
('food', 4, 5, 10),
('food', 4, 6, 0),
('food', 4, 13, 10),
('food', 5, 0, 0),
('food', 5, 3, 19),
('food', 5, 3, 22),
('food', 5, 5, 10),
('food', 5, 6, 0),
('food', 5, 13, 10),
('food', 6, 0, 0),
('food', 6, 3, 19),
('food', 6, 3, 22),
('food', 6, 5, 10),
('food', 6, 6, 0),
('food', 6, 13, 10),
('food', 7, 0, 0),
('food', 7, 3, 19),
('food', 7, 3, 22),
('food', 7, 5, 10),
('food', 7, 6, 0),
('food', 7, 13, 10),
('food', 8, 0, 0),
('food', 8, 3, 19),
('food', 8, 3, 22),
('food', 8, 5, 10),
('food', 8, 6, 0),
('food', 8, 13, 10),
('food', 9, 0, 0),
('food', 9, 3, 19),
('food', 9, 3, 22),
('food', 9, 5, 10),
('food', 9, 6, 0),
('food', 9, 13, 10),
('food', 10, 0, 0),
('food', 10, 3, 19),
('food', 10, 3, 22),
('food', 10, 5, 10),
('food', 10, 6, 0),
('food', 10, 13, 10),
('food', 11, 0, 0),
('food', 11, 3, 19),
('food', 11, 3, 22),
('food', 11, 5, 10),
('food', 11, 6, 0),
('food', 11, 13, 10),
('food', 12, 0, 0),
('food', 12, 3, 19),
('food', 12, 3, 22),
('food', 12, 5, 10),
('food', 12, 6, 0),
('food', 12, 13, 10),
('food', 13, 0, 0),
('food', 13, 3, 19),
('food', 13, 3, 22),
('food', 13, 5, 10),
('food', 13, 6, 0),
('food', 13, 13, 10),
('food', 14, 0, 0),
('food', 14, 3, 19),
('food', 14, 3, 22),
('food', 14, 5, 10),
('food', 14, 6, 0),
('food', 14, 13, 10),
('food', 15, 0, 0),
('food', 15, 3, 19),
('food', 15, 3, 22),
('food', 15, 5, 10),
('food', 15, 6, 0),
('food', 15, 13, 10),
('food', 16, 0, 0),
('food', 16, 0, 3),
('food', 16, 1, 1),
('food', 16, 2, 12),
('food', 16, 3, 4),
('food', 16, 3, 15),
('food', 16, 3, 21),
('food', 16, 3, 24),
('food', 16, 5, 10),
('food', 16, 6, 0),
('food', 16, 9, 1),
('food', 16, 13, 10),
('food', 16, 14, 1),
('food', 17, 0, 0),
('food', 17, 3, 19),
('food', 17, 3, 22),
('food', 17, 5, 10),
('food', 17, 6, 0),
('food', 17, 13, 10),
('food', 18, 0, 0),
('food', 18, 3, 19),
('food', 18, 3, 22),
('food', 18, 5, 10),
('food', 18, 6, 0),
('food', 18, 13, 10),
('food', 19, 0, 0),
('food', 19, 3, 19),
('food', 19, 3, 22),
('food', 19, 5, 10),
('food', 19, 6, 0),
('food', 19, 13, 10),
('food', 20, 0, 0),
('food', 20, 3, 19),
('food', 20, 3, 22),
('food', 20, 5, 10),
('food', 20, 6, 0),
('food', 20, 13, 10),
('form', 0, 4, 2),
('form', 0, 12, 2),
('form', 1, 4, 2),
('form', 1, 12, 2),
('form', 2, 4, 2),
('form', 2, 12, 2),
('form', 3, 4, 2),
('form', 3, 12, 2),
('form', 4, 4, 2),
('form', 4, 12, 2),
('form', 5, 4, 2),
('form', 5, 12, 2),
('form', 6, 4, 2),
('form', 6, 12, 2),
('form', 7, 4, 2),
('form', 7, 12, 2),
('form', 8, 4, 2),
('form', 8, 12, 2),
('form', 9, 4, 2),
('form', 9, 12, 2),
('form', 10, 4, 2),
('form', 10, 12, 2),
('form', 11, 4, 2),
('form', 11, 12, 2),
('form', 12, 4, 2),
('form', 12, 12, 2),
('form', 13, 4, 2),
('form', 13, 12, 2),
('form', 14, 4, 2),
('form', 14, 12, 2),
('form', 15, 4, 2),
('form', 15, 12, 2),
('form', 16, 4, 2),
('form', 16, 12, 2),
('form', 17, 4, 2),
('form', 17, 12, 2),
('form', 18, 4, 2),
('form', 18, 12, 2),
('form', 19, 4, 2),
('form', 19, 12, 2),
('form', 20, 4, 2),
('form', 20, 12, 2),
('fri', 16, 0, 2),
('fri', 16, 1, 0),
('fri', 16, 2, 11),
('fri', 16, 3, 3),
('fri', 16, 3, 14),
('fri', 16, 9, 0),
('fri', 16, 14, 0),
('fried', 16, 0, 2),
('fried', 16, 1, 0),
('fried', 16, 2, 11),
('fried', 16, 3, 3),
('fried', 16, 3, 14),
('fried', 16, 9, 0),
('fried', 16, 14, 0),
('goe', 0, 3, 8),
('goe', 1, 3, 8),
('goe', 2, 3, 8),
('goe', 3, 3, 8),
('goe', 4, 3, 8),
('goe', 5, 3, 8),
('goe', 6, 3, 8),
('goe', 7, 3, 8),
('goe', 8, 3, 8),
('goe', 9, 3, 8),
('goe', 10, 3, 8),
('goe', 11, 3, 8),
('goe', 12, 3, 8),
('goe', 13, 3, 8),
('goe', 14, 3, 8),
('goe', 15, 3, 8),
('goe', 16, 3, 9),
('goe', 17, 3, 8),
('goe', 18, 3, 8),
('goe', 19, 3, 8),
('goe', 20, 3, 8),
('goes', 0, 3, 8),
('goes', 1, 3, 8),
('goes', 2, 3, 8),
('goes', 3, 3, 8),
('goes', 4, 3, 8),
('goes', 5, 3, 8),
('goes', 6, 3, 8),
('goes', 7, 3, 8),
('goes', 8, 3, 8),
('goes', 9, 3, 8),
('goes', 10, 3, 8),
('goes', 11, 3, 8),
('goes', 12, 3, 8),
('goes', 13, 3, 8),
('goes', 14, 3, 8),
('goes', 15, 3, 8),
('goes', 16, 3, 9),
('goes', 17, 3, 8),
('goes', 18, 3, 8),
('goes', 19, 3, 8),
('goes', 20, 3, 8),
('health', 0, 16, 0),
('health', 1, 16, 0),
('health', 2, 16, 0),
('health', 3, 16, 0),
('health', 4, 16, 0),
('health', 5, 16, 0),
('health', 6, 16, 0),
('health', 7, 16, 0),
('health', 8, 16, 0),
('health', 9, 16, 0),
('health', 10, 16, 0),
('health', 11, 16, 0),
('health', 12, 16, 0),
('health', 13, 16, 0),
('health', 14, 16, 0),
('health', 15, 16, 0),
('health', 16, 16, 0),
('health', 17, 16, 0),
('health', 18, 16, 0),
('health', 19, 16, 0),
('health', 20, 16, 0),
('healthi', 0, 8, 0),
('healthi', 0, 11, 1),
('healthi', 0, 16, 3),
('healthi', 1, 8, 0),
('healthi', 1, 11, 1),
('healthi', 1, 16, 3),
('healthi', 2, 8, 0),
('healthi', 2, 11, 1),
('healthi', 2, 16, 3),
('healthi', 3, 8, 0),
('healthi', 3, 11, 1),
('healthi', 3, 16, 3),
('healthi', 4, 8, 0),
('healthi', 4, 11, 1),
('healthi', 4, 16, 3),
('healthi', 5, 8, 0),
('healthi', 5, 11, 1),
('healthi', 5, 16, 3),
('healthi', 6, 8, 0),
('healthi', 6, 11, 1),
('healthi', 6, 16, 3),
('healthi', 7, 8, 0),
('healthi', 7, 11, 1),
('healthi', 7, 16, 3),
('healthi', 8, 8, 0),
('healthi', 8, 11, 1),
('healthi', 8, 16, 3),
('healthi', 9, 8, 0),
('healthi', 9, 11, 1),
('healthi', 9, 16, 3),
('healthi', 10, 8, 0),
('healthi', 10, 11, 1),
('healthi', 10, 16, 3),
('healthi', 11, 8, 0),
('healthi', 11, 11, 1),
('healthi', 11, 16, 3),
('healthi', 12, 8, 0),
('healthi', 12, 11, 1),
('healthi', 12, 16, 3),
('healthi', 13, 8, 0),
('healthi', 13, 11, 1),
('healthi', 13, 16, 3),
('healthi', 14, 8, 0),
('healthi', 14, 11, 1),
('healthi', 14, 16, 3),
('healthi', 15, 8, 0),
('healthi', 15, 11, 1),
('healthi', 15, 16, 3),
('healthi', 16, 8, 0),
('healthi', 16, 11, 1),
('healthi', 16, 16, 3),
('healthi', 17, 8, 0),
('healthi', 17, 11, 1),
('healthi', 17, 16, 3),
('healthi', 18, 8, 0),
('healthi', 18, 11, 1),
('healthi', 18, 16, 3),
('healthi', 19, 8, 0),
('healthi', 19, 11, 1),
('healthi', 19, 16, 3),
('healthi', 20, 8, 0),
('healthi', 20, 11, 1),
('healthi', 20, 16, 3),
('healthy', 0, 8, 0),
('healthy', 0, 11, 1),
('healthy', 0, 16, 3),
('healthy', 1, 8, 0),
('healthy', 1, 11, 1),
('healthy', 1, 16, 3),
('healthy', 2, 8, 0),
('healthy', 2, 11, 1),
('healthy', 2, 16, 3),
('healthy', 3, 8, 0),
('healthy', 3, 11, 1),
('healthy', 3, 16, 3),
('healthy', 4, 8, 0),
('healthy', 4, 11, 1),
('healthy', 4, 16, 3),
('healthy', 5, 8, 0),
('healthy', 5, 11, 1),
('healthy', 5, 16, 3),
('healthy', 6, 8, 0),
('healthy', 6, 11, 1),
('healthy', 6, 16, 3),
('healthy', 7, 8, 0),
('healthy', 7, 11, 1),
('healthy', 7, 16, 3),
('healthy', 8, 8, 0),
('healthy', 8, 11, 1),
('healthy', 8, 16, 3),
('healthy', 9, 8, 0),
('healthy', 9, 11, 1),
('healthy', 9, 16, 3),
('healthy', 10, 8, 0),
('healthy', 10, 11, 1),
('healthy', 10, 16, 3),
('healthy', 11, 8, 0),
('healthy', 11, 11, 1),
('healthy', 11, 16, 3),
('healthy', 12, 8, 0),
('healthy', 12, 11, 1),
('healthy', 12, 16, 3),
('healthy', 13, 8, 0),
('healthy', 13, 11, 1),
('healthy', 13, 16, 3),
('healthy', 14, 8, 0),
('healthy', 14, 11, 1),
('healthy', 14, 16, 3),
('healthy', 15, 8, 0),
('healthy', 15, 11, 1),
('healthy', 15, 16, 3),
('healthy', 16, 8, 0),
('healthy', 16, 11, 1),
('healthy', 16, 16, 3),
('healthy', 17, 8, 0),
('healthy', 17, 11, 1),
('healthy', 17, 16, 3),
('healthy', 18, 8, 0),
('healthy', 18, 11, 1),
('healthy', 18, 16, 3),
('healthy', 19, 8, 0),
('healthy', 19, 11, 1),
('healthy', 19, 16, 3),
('healthy', 20, 8, 0),
('healthy', 20, 11, 1),
('healthy', 20, 16, 3),
('histori', 0, 2, 8),
('histori', 1, 2, 8),
('histori', 2, 2, 8),
('histori', 3, 2, 8),
('histori', 4, 2, 8),
('histori', 5, 2, 8),
('histori', 6, 2, 8),
('histori', 7, 2, 8),
('histori', 8, 2, 8),
('histori', 9, 2, 8),
('histori', 10, 2, 8),
('histori', 11, 2, 8),
('histori', 12, 2, 8),
('histori', 13, 2, 8),
('histori', 14, 2, 8),
('histori', 15, 2, 8),
('histori', 16, 2, 8),
('histori', 17, 2, 8),
('histori', 18, 2, 8),
('histori', 19, 2, 8),
('histori', 20, 2, 8),
('history', 0, 2, 8),
('history', 1, 2, 8),
('history', 2, 2, 8),
('history', 3, 2, 8),
('history', 4, 2, 8),
('history', 5, 2, 8),
('history', 6, 2, 8),
('history', 7, 2, 8),
('history', 8, 2, 8),
('history', 9, 2, 8),
('history', 10, 2, 8),
('history', 11, 2, 8),
('history', 12, 2, 8),
('history', 13, 2, 8),
('history', 14, 2, 8),
('history', 15, 2, 8),
('history', 16, 2, 8),
('history', 17, 2, 8),
('history', 18, 2, 8),
('history', 19, 2, 8),
('history', 20, 2, 8),
('honei', 19, 0, 2),
('honei', 19, 1, 0),
('honei', 19, 2, 11),
('honei', 19, 3, 3),
('honei', 19, 3, 13),
('honei', 19, 9, 0),
('honei', 19, 14, 0),
('honey', 19, 0, 2),
('honey', 19, 1, 0),
('honey', 19, 2, 11),
('honey', 19, 3, 3),
('honey', 19, 3, 13),
('honey', 19, 9, 0),
('honey', 19, 14, 0),
('i', 0, 3, 2),
('i', 1, 3, 2),
('i', 2, 3, 2),
('i', 3, 3, 2),
('i', 4, 3, 2),
('i', 5, 3, 2),
('i', 6, 3, 2),
('i', 7, 3, 2),
('i', 8, 3, 2),
('i', 9, 3, 2),
('i', 10, 3, 2),
('i', 11, 3, 2),
('i', 12, 3, 2),
('i', 13, 3, 2),
('i', 14, 3, 2),
('i', 15, 3, 2),
('i', 16, 3, 2),
('i', 17, 3, 2),
('i', 18, 3, 2),
('i', 19, 3, 2),
('i', 20, 3, 2),
('icecream', 18, 0, 2),
('icecream', 18, 1, 0),
('icecream', 18, 2, 11),
('icecream', 18, 3, 3),
('icecream', 18, 3, 13),
('icecream', 18, 9, 0),
('icecream', 18, 14, 0),
('import', 0, 5, 6),
('import', 0, 13, 6),
('import', 1, 5, 6),
('import', 1, 13, 6),
('import', 2, 5, 6),
('import', 2, 13, 6),
('import', 3, 5, 6),
('import', 3, 13, 6),
('import', 4, 5, 6),
('import', 4, 13, 6),
('import', 5, 5, 6),
('import', 5, 13, 6),
('import', 6, 5, 6),
('import', 6, 13, 6),
('import', 7, 5, 6),
('import', 7, 13, 6),
('import', 8, 5, 6),
('import', 8, 13, 6),
('import', 9, 5, 6),
('import', 9, 13, 6),
('import', 10, 5, 6),
('import', 10, 13, 6),
('import', 11, 5, 6),
('import', 11, 13, 6),
('import', 12, 5, 6),
('import', 12, 13, 6),
('import', 13, 5, 6),
('import', 13, 13, 6),
('import', 14, 5, 6),
('import', 14, 13, 6),
('import', 15, 5, 6),
('import', 15, 13, 6),
('import', 16, 5, 6),
('import', 16, 13, 6),
('import', 17, 5, 6),
('import', 17, 13, 6),
('import', 18, 5, 6),
('import', 18, 13, 6),
('import', 19, 5, 6),
('import', 19, 13, 6),
('import', 20, 5, 6),
('import', 20, 13, 6),
('important', 0, 5, 6),
('important', 0, 13, 6),
('important', 1, 5, 6),
('important', 1, 13, 6),
('important', 2, 5, 6),
('important', 2, 13, 6),
('important', 3, 5, 6),
('important', 3, 13, 6),
('important', 4, 5, 6),
('important', 4, 13, 6),
('important', 5, 5, 6),
('important', 5, 13, 6),
('important', 6, 5, 6),
('important', 6, 13, 6),
('important', 7, 5, 6),
('important', 7, 13, 6),
('important', 8, 5, 6),
('important', 8, 13, 6),
('important', 9, 5, 6),
('important', 9, 13, 6),
('important', 10, 5, 6),
('important', 10, 13, 6),
('important', 11, 5, 6),
('important', 11, 13, 6),
('important', 12, 5, 6),
('important', 12, 13, 6),
('important', 13, 5, 6),
('important', 13, 13, 6),
('important', 14, 5, 6),
('important', 14, 13, 6),
('important', 15, 5, 6),
('important', 15, 13, 6),
('important', 16, 5, 6),
('important', 16, 13, 6),
('important', 17, 5, 6),
('important', 17, 13, 6),
('important', 18, 5, 6),
('important', 18, 13, 6),
('important', 19, 5, 6),
('important', 19, 13, 6),
('important', 20, 5, 6),
('important', 20, 13, 6),
('in', 0, 3, 20),
('in', 1, 3, 20),
('in', 2, 3, 20),
('in', 3, 3, 20),
('in', 4, 3, 20),
('in', 5, 3, 20),
('in', 6, 3, 20),
('in', 7, 3, 20),
('in', 8, 3, 20),
('in', 9, 3, 20),
('in', 10, 3, 20),
('in', 11, 3, 20),
('in', 12, 3, 20),
('in', 13, 3, 20),
('in', 14, 3, 20),
('in', 15, 3, 20),
('in', 16, 3, 22),
('in', 17, 3, 20),
('in', 18, 3, 20),
('in', 19, 3, 20),
('in', 20, 3, 20),
('is', 0, 3, 2),
('is', 1, 3, 2),
('is', 2, 3, 2),
('is', 3, 3, 2),
('is', 4, 3, 2),
('is', 5, 3, 2),
('is', 6, 3, 2),
('is', 7, 3, 2),
('is', 8, 3, 2),
('is', 9, 3, 2),
('is', 10, 3, 2),
('is', 11, 3, 2),
('is', 12, 3, 2),
('is', 13, 3, 2),
('is', 14, 3, 2),
('is', 15, 3, 2),
('is', 16, 3, 2),
('is', 17, 3, 2),
('is', 18, 3, 2),
('is', 19, 3, 2),
('is', 20, 3, 2),
('it', 0, 2, 4),
('it', 0, 3, 1),
('it', 0, 3, 7),
('it', 1, 2, 4),
('it', 1, 3, 1),
('it', 1, 3, 7),
('it', 2, 2, 4),
('it', 2, 3, 1),
('it', 2, 3, 7),
('it', 3, 2, 4),
('it', 3, 3, 1),
('it', 3, 3, 7),
('it', 4, 2, 4),
('it', 4, 3, 1),
('it', 4, 3, 7),
('it', 5, 2, 4),
('it', 5, 3, 1),
('it', 5, 3, 7),
('it', 6, 2, 4),
('it', 6, 3, 1),
('it', 6, 3, 7),
('it', 7, 2, 4),
('it', 7, 3, 1),
('it', 7, 3, 7),
('it', 8, 2, 4),
('it', 8, 3, 1),
('it', 8, 3, 7),
('it', 9, 2, 4),
('it', 9, 3, 1),
('it', 9, 3, 7),
('it', 10, 2, 4),
('it', 10, 3, 1),
('it', 10, 3, 7),
('it', 11, 2, 4),
('it', 11, 3, 1),
('it', 11, 3, 7),
('it', 12, 2, 4),
('it', 12, 3, 1),
('it', 12, 3, 7),
('it', 13, 2, 4),
('it', 13, 3, 1),
('it', 13, 3, 7),
('it', 14, 2, 4),
('it', 14, 3, 1),
('it', 14, 3, 7),
('it', 15, 2, 4),
('it', 15, 3, 1),
('it', 15, 3, 7),
('it', 16, 2, 4),
('it', 16, 3, 1),
('it', 16, 3, 8),
('it', 17, 2, 4),
('it', 17, 3, 1),
('it', 17, 3, 7),
('it', 18, 2, 4),
('it', 18, 3, 1),
('it', 18, 3, 7),
('it', 19, 2, 4),
('it', 19, 3, 1),
('it', 19, 3, 7),
('it', 20, 2, 4),
('it', 20, 3, 1),
('it', 20, 3, 7),
('kingdom', 0, 0, 1),
('kingdom', 0, 3, 23),
('kingdom', 1, 0, 1),
('kingdom', 1, 3, 23),
('kingdom', 2, 0, 1),
('kingdom', 2, 3, 23),
('kingdom', 3, 0, 1),
('kingdom', 3, 3, 23),
('kingdom', 4, 0, 1),
('kingdom', 4, 3, 23),
('kingdom', 5, 0, 1),
('kingdom', 5, 3, 23),
('kingdom', 6, 0, 1),
('kingdom', 6, 3, 23),
('kingdom', 7, 0, 1),
('kingdom', 7, 3, 23),
('kingdom', 8, 0, 1),
('kingdom', 8, 3, 23),
('kingdom', 9, 0, 1),
('kingdom', 9, 3, 23),
('kingdom', 10, 0, 1),
('kingdom', 10, 3, 23),
('kingdom', 11, 0, 1),
('kingdom', 11, 3, 23),
('kingdom', 12, 0, 1),
('kingdom', 12, 3, 23),
('kingdom', 13, 0, 1),
('kingdom', 13, 3, 23),
('kingdom', 14, 0, 1),
('kingdom', 14, 3, 23),
('kingdom', 15, 0, 1),
('kingdom', 15, 3, 23),
('kingdom', 16, 0, 1),
('kingdom', 16, 3, 25),
('kingdom', 17, 0, 1),
('kingdom', 17, 3, 23),
('kingdom', 18, 0, 1),
('kingdom', 18, 3, 23),
('kingdom', 19, 0, 1),
('kingdom', 19, 3, 23),
('kingdom', 20, 0, 1),
('kingdom', 20, 3, 23),
('kiwi', 3, 0, 2),
('kiwi', 3, 1, 0),
('kiwi', 3, 2, 11),
('kiwi', 3, 3, 3),
('kiwi', 3, 3, 13),
('kiwi', 3, 9, 0),
('kiwi', 3, 14, 0),
('kiwis', 3, 0, 2),
('kiwis', 3, 1, 0),
('kiwis', 3, 2, 11),
('kiwis', 3, 3, 3),
('kiwis', 3, 3, 13),
('kiwis', 3, 9, 0),
('kiwis', 3, 14, 0),
('level', 0, 8, 1),
('level', 0, 16, 1),
('level', 1, 8, 1),
('level', 1, 16, 1),
('level', 2, 8, 1),
('level', 2, 16, 1),
('level', 3, 8, 1),
('level', 3, 16, 1),
('level', 4, 8, 1),
('level', 4, 16, 1),
('level', 5, 8, 1),
('level', 5, 16, 1),
('level', 6, 8, 1),
('level', 6, 16, 1),
('level', 7, 8, 1),
('level', 7, 16, 1),
('level', 8, 8, 1),
('level', 8, 16, 1),
('level', 9, 8, 1),
('level', 9, 16, 1),
('level', 10, 8, 1),
('level', 10, 16, 1),
('level', 11, 8, 1),
('level', 11, 16, 1),
('level', 12, 8, 1),
('level', 12, 16, 1),
('level', 13, 8, 1),
('level', 13, 16, 1),
('level', 14, 8, 1),
('level', 14, 16, 1),
('level', 15, 8, 1),
('level', 15, 16, 1),
('level', 16, 8, 1),
('level', 16, 16, 1),
('level', 17, 8, 1),
('level', 17, 16, 1),
('level', 18, 8, 1),
('level', 18, 16, 1),
('level', 19, 8, 1),
('level', 19, 16, 1),
('level', 20, 8, 1),
('level', 20, 16, 1),
('list', 0, 12, 1),
('list', 0, 13, 2),
('list', 1, 12, 1),
('list', 1, 13, 2),
('list', 2, 12, 1),
('list', 2, 13, 2),
('list', 3, 12, 1),
('list', 3, 13, 2),
('list', 4, 12, 1),
('list', 4, 13, 2),
('list', 5, 12, 1),
('list', 5, 13, 2),
('list', 6, 12, 1),
('list', 6, 13, 2),
('list', 7, 12, 1),
('list', 7, 13, 2),
('list', 8, 12, 1),
('list', 8, 13, 2),
('list', 9, 12, 1),
('list', 9, 13, 2),
('list', 10, 12, 1),
('list', 10, 13, 2),
('list', 11, 12, 1),
('list', 11, 13, 2),
('list', 12, 12, 1),
('list', 12, 13, 2),
('list', 13, 12, 1),
('list', 13, 13, 2),
('list', 14, 12, 1),
('list', 14, 13, 2),
('list', 15, 12, 1),
('list', 15, 13, 2),
('list', 16, 12, 1),
('list', 16, 13, 2),
('list', 17, 12, 1),
('list', 17, 13, 2),
('list', 18, 12, 1),
('list', 18, 13, 2),
('list', 19, 12, 1),
('list', 19, 13, 2),
('list', 20, 12, 1),
('list', 20, 13, 2),
('made', 0, 2, 12),
('made', 0, 3, 5),
('made', 1, 2, 12),
('made', 1, 3, 5),
('made', 2, 2, 12),
('made', 2, 3, 5),
('made', 3, 2, 12),
('made', 3, 3, 5),
('made', 4, 2, 12),
('made', 4, 3, 5),
('made', 5, 2, 12),
('made', 5, 3, 5),
('made', 6, 2, 12),
('made', 6, 3, 5),
('made', 7, 2, 12),
('made', 7, 3, 5),
('made', 8, 2, 12),
('made', 8, 3, 5),
('made', 9, 2, 12),
('made', 9, 3, 5),
('made', 10, 2, 12),
('made', 10, 3, 5),
('made', 11, 2, 12),
('made', 11, 3, 5),
('made', 12, 2, 12),
('made', 12, 3, 5),
('made', 13, 2, 12),
('made', 13, 3, 5),
('made', 14, 2, 12),
('made', 14, 3, 5),
('made', 15, 2, 12),
('made', 15, 3, 5),
('made', 16, 2, 13),
('made', 16, 3, 6),
('made', 17, 2, 12),
('made', 17, 3, 5),
('made', 18, 2, 12),
('made', 18, 3, 5),
('made', 19, 2, 12),
('made', 19, 3, 5),
('made', 20, 2, 12),
('made', 20, 3, 5),
('mango', 5, 0, 2),
('mango', 5, 1, 0),
('mango', 5, 2, 11),
('mango', 5, 3, 3),
('mango', 5, 3, 13),
('mango', 5, 9, 0),
('mango', 5, 14, 0),
('mangos', 5, 0, 2),
('mangos', 5, 1, 0),
('mangos', 5, 2, 11),
('mangos', 5, 3, 3),
('mangos', 5, 3, 13),
('mangos', 5, 9, 0),
('mangos', 5, 14, 0),
('most', 0, 3, 16),
('most', 1, 3, 16),
('most', 2, 3, 16),
('most', 3, 3, 16),
('most', 4, 3, 16),
('most', 5, 3, 16),
('most', 6, 3, 16),
('most', 7, 3, 16),
('most', 8, 3, 16),
('most', 9, 3, 16),
('most', 10, 3, 16),
('most', 11, 3, 16),
('most', 12, 3, 16),
('most', 13, 3, 16),
('most', 14, 3, 16),
('most', 15, 3, 16),
('most', 16, 3, 18),
('most', 17, 3, 16),
('most', 18, 3, 16),
('most', 19, 3, 16),
('most', 20, 3, 16),
('of', 0, 2, 13),
('of', 0, 3, 6),
('of', 0, 3, 18),
('of', 1, 2, 13),
('of', 1, 3, 6),
('of', 1, 3, 18),
('of', 2, 2, 13),
('of', 2, 3, 6),
('of', 2, 3, 18),
('of', 3, 2, 13),
('of', 3, 3, 6),
('of', 3, 3, 18),
('of', 4, 2, 13),
('of', 4, 3, 6),
('of', 4, 3, 18),
('of', 5, 2, 13),
('of', 5, 3, 6),
('of', 5, 3, 18),
('of', 6, 2, 13),
('of', 6, 3, 6),
('of', 6, 3, 18),
('of', 7, 2, 13),
('of', 7, 3, 6),
('of', 7, 3, 18),
('of', 8, 2, 13),
('of', 8, 3, 6),
('of', 8, 3, 18),
('of', 9, 2, 13),
('of', 9, 3, 6),
('of', 9, 3, 18),
('of', 10, 2, 13),
('of', 10, 3, 6),
('of', 10, 3, 18),
('of', 11, 2, 13),
('of', 11, 3, 6),
('of', 11, 3, 18),
('of', 12, 2, 13),
('of', 12, 3, 6),
('of', 12, 3, 18),
('of', 13, 2, 13),
('of', 13, 3, 6),
('of', 13, 3, 18),
('of', 14, 2, 13),
('of', 14, 3, 6),
('of', 14, 3, 18),
('of', 15, 2, 13),
('of', 15, 3, 6),
('of', 15, 3, 18),
('of', 16, 2, 14),
('of', 16, 3, 7),
('of', 16, 3, 20),
('of', 17, 2, 13),
('of', 17, 3, 6),
('of', 17, 3, 18),
('of', 18, 2, 13),
('of', 18, 3, 6),
('of', 18, 3, 18),
('of', 19, 2, 13),
('of', 19, 3, 6),
('of', 19, 3, 18),
('of', 20, 2, 13),
('of', 20, 3, 6),
('of', 20, 3, 18),
('oliv', 11, 0, 2),
('oliv', 11, 1, 0),
('oliv', 11, 2, 11),
('oliv', 11, 3, 3),
('oliv', 11, 3, 13),
('oliv', 11, 9, 0),
('oliv', 11, 14, 0),
('olives', 11, 0, 2),
('olives', 11, 1, 0),
('olives', 11, 2, 11),
('olives', 11, 3, 3),
('olives', 11, 3, 13),
('olives', 11, 9, 0),
('olives', 11, 14, 0),
('orang', 6, 0, 2),
('orang', 6, 1, 0),
('orang', 6, 2, 11),
('orang', 6, 3, 3),
('orang', 6, 3, 13),
('orang', 6, 9, 0),
('orang', 6, 14, 0),
('oranges', 6, 0, 2),
('oranges', 6, 1, 0),
('oranges', 6, 2, 11),
('oranges', 6, 3, 3),
('oranges', 6, 3, 13),
('oranges', 6, 9, 0),
('oranges', 6, 14, 0),
('pea', 9, 0, 2),
('pea', 9, 1, 0),
('pea', 9, 2, 11),
('pea', 9, 3, 3),
('pea', 9, 3, 13),
('pea', 9, 9, 0),
('pea', 9, 14, 0),
('peach', 8, 0, 2),
('peach', 8, 1, 0),
('peach', 8, 2, 11),
('peach', 8, 3, 3),
('peach', 8, 3, 13),
('peach', 8, 9, 0),
('peach', 8, 14, 0),
('peaches', 8, 0, 2),
('peaches', 8, 1, 0),
('peaches', 8, 2, 11),
('peaches', 8, 3, 3),
('peaches', 8, 3, 13),
('peaches', 8, 9, 0),
('peaches', 8, 14, 0),
('peas', 9, 0, 2),
('peas', 9, 1, 0),
('peas', 9, 2, 11),
('peas', 9, 3, 3),
('peas', 9, 3, 13),
('peas', 9, 9, 0),
('peas', 9, 14, 0),
('pineappl', 2, 0, 2),
('pineappl', 2, 1, 0),
('pineappl', 2, 2, 11),
('pineappl', 2, 3, 3),
('pineappl', 2, 3, 13),
('pineappl', 2, 9, 0),
('pineappl', 2, 14, 0),
('pineapples', 2, 0, 2),
('pineapples', 2, 1, 0),
('pineapples', 2, 2, 11),
('pineapples', 2, 3, 3),
('pineapples', 2, 3, 13),
('pineapples', 2, 9, 0),
('pineapples', 2, 14, 0),
('remain', 0, 2, 6),
('remain', 1, 2, 6),
('remain', 2, 2, 6),
('remain', 3, 2, 6),
('remain', 4, 2, 6),
('remain', 5, 2, 6),
('remain', 6, 2, 6),
('remain', 7, 2, 6),
('remain', 8, 2, 6),
('remain', 9, 2, 6),
('remain', 10, 2, 6),
('remain', 11, 2, 6),
('remain', 12, 2, 6),
('remain', 13, 2, 6),
('remain', 14, 2, 6),
('remain', 15, 2, 6),
('remain', 16, 2, 6),
('remain', 17, 2, 6),
('remain', 18, 2, 6),
('remain', 19, 2, 6),
('remain', 20, 2, 6),
('remains', 0, 2, 6),
('remains', 1, 2, 6),
('remains', 2, 2, 6),
('remains', 3, 2, 6),
('remains', 4, 2, 6),
('remains', 5, 2, 6),
('remains', 6, 2, 6),
('remains', 7, 2, 6),
('remains', 8, 2, 6),
('remains', 9, 2, 6),
('remains', 10, 2, 6),
('remains', 11, 2, 6),
('remains', 12, 2, 6),
('remains', 13, 2, 6),
('remains', 14, 2, 6),
('remains', 15, 2, 6),
('remains', 16, 2, 6),
('remains', 17, 2, 6),
('remains', 18, 2, 6),
('remains', 19, 2, 6),
('remains', 20, 2, 6),
('rice', 15, 0, 2),
('rice', 15, 1, 0),
('rice', 15, 2, 11),
('rice', 15, 3, 3),
('rice', 15, 3, 13),
('rice', 15, 9, 0),
('rice', 15, 14, 0),
('show', 0, 5, 3),
('show', 0, 13, 3),
('show', 1, 5, 3),
('show', 1, 13, 3),
('show', 2, 5, 3),
('show', 2, 13, 3),
('show', 3, 5, 3),
('show', 3, 13, 3),
('show', 4, 5, 3),
('show', 4, 13, 3),
('show', 5, 5, 3),
('show', 5, 13, 3),
('show', 6, 5, 3),
('show', 6, 13, 3),
('show', 7, 5, 3),
('show', 7, 13, 3),
('show', 8, 5, 3),
('show', 8, 13, 3),
('show', 9, 5, 3),
('show', 9, 13, 3),
('show', 10, 5, 3),
('show', 10, 13, 3),
('show', 11, 5, 3),
('show', 11, 13, 3),
('show', 12, 5, 3),
('show', 12, 13, 3),
('show', 13, 5, 3),
('show', 13, 13, 3),
('show', 14, 5, 3),
('show', 14, 13, 3),
('show', 15, 5, 3),
('show', 15, 13, 3),
('show', 16, 5, 3),
('show', 16, 13, 3),
('show', 17, 5, 3),
('show', 17, 13, 3),
('show', 18, 5, 3),
('show', 18, 13, 3),
('show', 19, 5, 3),
('show', 19, 13, 3),
('show', 20, 5, 3),
('show', 20, 13, 3),
('shows', 0, 5, 3),
('shows', 0, 13, 3),
('shows', 1, 5, 3),
('shows', 1, 13, 3),
('shows', 2, 5, 3),
('shows', 2, 13, 3),
('shows', 3, 5, 3),
('shows', 3, 13, 3),
('shows', 4, 5, 3),
('shows', 4, 13, 3),
('shows', 5, 5, 3),
('shows', 5, 13, 3),
('shows', 6, 5, 3),
('shows', 6, 13, 3),
('shows', 7, 5, 3),
('shows', 7, 13, 3),
('shows', 8, 5, 3),
('shows', 8, 13, 3),
('shows', 9, 5, 3),
('shows', 9, 13, 3),
('shows', 10, 5, 3),
('shows', 10, 13, 3),
('shows', 11, 5, 3),
('shows', 11, 13, 3),
('shows', 12, 5, 3),
('shows', 12, 13, 3),
('shows', 13, 5, 3),
('shows', 13, 13, 3),
('shows', 14, 5, 3),
('shows', 14, 13, 3),
('shows', 15, 5, 3),
('shows', 15, 13, 3),
('shows', 16, 5, 3),
('shows', 16, 13, 3),
('shows', 17, 5, 3),
('shows', 17, 13, 3),
('shows', 18, 5, 3),
('shows', 18, 13, 3),
('shows', 19, 5, 3),
('shows', 19, 13, 3),
('shows', 20, 5, 3),
('shows', 20, 13, 3),
('statist', 0, 4, 0),
('statist', 0, 5, 7),
('statist', 0, 12, 0),
('statist', 0, 13, 7),
('statist', 1, 4, 0),
('statist', 1, 5, 7),
('statist', 1, 12, 0),
('statist', 1, 13, 7),
('statist', 2, 4, 0),
('statist', 2, 5, 7),
('statist', 2, 12, 0),
('statist', 2, 13, 7),
('statist', 3, 4, 0),
('statist', 3, 5, 7),
('statist', 3, 12, 0),
('statist', 3, 13, 7),
('statist', 4, 4, 0),
('statist', 4, 5, 7),
('statist', 4, 12, 0),
('statist', 4, 13, 7),
('statist', 5, 4, 0),
('statist', 5, 5, 7),
('statist', 5, 12, 0),
('statist', 5, 13, 7),
('statist', 6, 4, 0),
('statist', 6, 5, 7),
('statist', 6, 12, 0),
('statist', 6, 13, 7),
('statist', 7, 4, 0),
('statist', 7, 5, 7),
('statist', 7, 12, 0),
('statist', 7, 13, 7),
('statist', 8, 4, 0),
('statist', 8, 5, 7),
('statist', 8, 12, 0),
('statist', 8, 13, 7),
('statist', 9, 4, 0),
('statist', 9, 5, 7),
('statist', 9, 12, 0),
('statist', 9, 13, 7),
('statist', 10, 4, 0),
('statist', 10, 5, 7),
('statist', 10, 12, 0),
('statist', 10, 13, 7),
('statist', 11, 4, 0),
('statist', 11, 5, 7),
('statist', 11, 12, 0),
('statist', 11, 13, 7),
('statist', 12, 4, 0),
('statist', 12, 5, 7),
('statist', 12, 12, 0),
('statist', 12, 13, 7),
('statist', 13, 4, 0),
('statist', 13, 5, 7),
('statist', 13, 12, 0),
('statist', 13, 13, 7),
('statist', 14, 4, 0),
('statist', 14, 5, 7),
('statist', 14, 12, 0),
('statist', 14, 13, 7),
('statist', 15, 4, 0),
('statist', 15, 5, 7),
('statist', 15, 12, 0),
('statist', 15, 13, 7),
('statist', 16, 4, 0),
('statist', 16, 5, 7),
('statist', 16, 12, 0),
('statist', 16, 13, 7),
('statist', 17, 4, 0),
('statist', 17, 5, 7),
('statist', 17, 12, 0),
('statist', 17, 13, 7),
('statist', 18, 4, 0),
('statist', 18, 5, 7),
('statist', 18, 12, 0),
('statist', 18, 13, 7),
('statist', 19, 4, 0),
('statist', 19, 5, 7),
('statist', 19, 12, 0),
('statist', 19, 13, 7),
('statist', 20, 4, 0),
('statist', 20, 5, 7),
('statist', 20, 12, 0),
('statist', 20, 13, 7),
('statistics', 0, 4, 0),
('statistics', 0, 5, 7),
('statistics', 0, 12, 0),
('statistics', 0, 13, 7),
('statistics', 1, 4, 0),
('statistics', 1, 5, 7),
('statistics', 1, 12, 0),
('statistics', 1, 13, 7),
('statistics', 2, 4, 0),
('statistics', 2, 5, 7),
('statistics', 2, 12, 0),
('statistics', 2, 13, 7),
('statistics', 3, 4, 0),
('statistics', 3, 5, 7),
('statistics', 3, 12, 0),
('statistics', 3, 13, 7),
('statistics', 4, 4, 0),
('statistics', 4, 5, 7),
('statistics', 4, 12, 0),
('statistics', 4, 13, 7),
('statistics', 5, 4, 0),
('statistics', 5, 5, 7),
('statistics', 5, 12, 0),
('statistics', 5, 13, 7),
('statistics', 6, 4, 0),
('statistics', 6, 5, 7),
('statistics', 6, 12, 0),
('statistics', 6, 13, 7),
('statistics', 7, 4, 0),
('statistics', 7, 5, 7),
('statistics', 7, 12, 0),
('statistics', 7, 13, 7),
('statistics', 8, 4, 0),
('statistics', 8, 5, 7),
('statistics', 8, 12, 0),
('statistics', 8, 13, 7),
('statistics', 9, 4, 0),
('statistics', 9, 5, 7),
('statistics', 9, 12, 0),
('statistics', 9, 13, 7),
('statistics', 10, 4, 0),
('statistics', 10, 5, 7),
('statistics', 10, 12, 0),
('statistics', 10, 13, 7),
('statistics', 11, 4, 0),
('statistics', 11, 5, 7),
('statistics', 11, 12, 0),
('statistics', 11, 13, 7),
('statistics', 12, 4, 0),
('statistics', 12, 5, 7),
('statistics', 12, 12, 0),
('statistics', 12, 13, 7),
('statistics', 13, 4, 0),
('statistics', 13, 5, 7),
('statistics', 13, 12, 0),
('statistics', 13, 13, 7),
('statistics', 14, 4, 0),
('statistics', 14, 5, 7),
('statistics', 14, 12, 0),
('statistics', 14, 13, 7),
('statistics', 15, 4, 0),
('statistics', 15, 5, 7),
('statistics', 15, 12, 0),
('statistics', 15, 13, 7),
('statistics', 16, 4, 0),
('statistics', 16, 5, 7),
('statistics', 16, 12, 0),
('statistics', 16, 13, 7),
('statistics', 17, 4, 0),
('statistics', 17, 5, 7),
('statistics', 17, 12, 0),
('statistics', 17, 13, 7),
('statistics', 18, 4, 0),
('statistics', 18, 5, 7),
('statistics', 18, 12, 0),
('statistics', 18, 13, 7),
('statistics', 19, 4, 0),
('statistics', 19, 5, 7),
('statistics', 19, 12, 0),
('statistics', 19, 13, 7),
('statistics', 20, 4, 0),
('statistics', 20, 5, 7),
('statistics', 20, 12, 0),
('statistics', 20, 13, 7),
('still', 0, 2, 5),
('still', 1, 2, 5),
('still', 2, 2, 5),
('still', 3, 2, 5),
('still', 4, 2, 5),
('still', 5, 2, 5),
('still', 6, 2, 5),
('still', 7, 2, 5),
('still', 8, 2, 5),
('still', 9, 2, 5),
('still', 10, 2, 5),
('still', 11, 2, 5),
('still', 12, 2, 5),
('still', 13, 2, 5),
('still', 14, 2, 5),
('still', 15, 2, 5),
('still', 16, 2, 5),
('still', 17, 2, 5),
('still', 18, 2, 5),
('still', 19, 2, 5),
('still', 20, 2, 5),
('tabl', 0, 4, 1),
('tabl', 0, 5, 2),
('tabl', 1, 4, 1),
('tabl', 1, 5, 2),
('tabl', 2, 4, 1),
('tabl', 2, 5, 2),
('tabl', 3, 4, 1),
('tabl', 3, 5, 2),
('tabl', 4, 4, 1),
('tabl', 4, 5, 2),
('tabl', 5, 4, 1),
('tabl', 5, 5, 2),
('tabl', 6, 4, 1),
('tabl', 6, 5, 2),
('tabl', 7, 4, 1),
('tabl', 7, 5, 2),
('tabl', 8, 4, 1),
('tabl', 8, 5, 2),
('tabl', 9, 4, 1),
('tabl', 9, 5, 2),
('tabl', 10, 4, 1),
('tabl', 10, 5, 2),
('tabl', 11, 4, 1),
('tabl', 11, 5, 2),
('tabl', 12, 4, 1),
('tabl', 12, 5, 2),
('tabl', 13, 4, 1),
('tabl', 13, 5, 2),
('tabl', 14, 4, 1),
('tabl', 14, 5, 2),
('tabl', 15, 4, 1),
('tabl', 15, 5, 2),
('tabl', 16, 4, 1),
('tabl', 16, 5, 2),
('tabl', 17, 4, 1),
('tabl', 17, 5, 2),
('tabl', 18, 4, 1),
('tabl', 18, 5, 2),
('tabl', 19, 4, 1),
('tabl', 19, 5, 2),
('tabl', 20, 4, 1),
('tabl', 20, 5, 2),
('table', 0, 4, 1),
('table', 0, 5, 2),
('table', 1, 4, 1),
('table', 1, 5, 2),
('table', 2, 4, 1),
('table', 2, 5, 2),
('table', 3, 4, 1),
('table', 3, 5, 2),
('table', 4, 4, 1),
('table', 4, 5, 2),
('table', 5, 4, 1),
('table', 5, 5, 2),
('table', 6, 4, 1),
('table', 6, 5, 2),
('table', 7, 4, 1),
('table', 7, 5, 2),
('table', 8, 4, 1),
('table', 8, 5, 2),
('table', 9, 4, 1),
('table', 9, 5, 2),
('table', 10, 4, 1),
('table', 10, 5, 2),
('table', 11, 4, 1),
('table', 11, 5, 2),
('table', 12, 4, 1),
('table', 12, 5, 2),
('table', 13, 4, 1),
('table', 13, 5, 2),
('table', 14, 4, 1),
('table', 14, 5, 2),
('table', 15, 4, 1),
('table', 15, 5, 2),
('table', 16, 4, 1),
('table', 16, 5, 2),
('table', 17, 4, 1),
('table', 17, 5, 2),
('table', 18, 4, 1),
('table', 18, 5, 2),
('table', 19, 4, 1),
('table', 19, 5, 2),
('table', 20, 4, 1),
('table', 20, 5, 2),
('tangerin', 7, 0, 2),
('tangerin', 7, 1, 0),
('tangerin', 7, 2, 11),
('tangerin', 7, 3, 3),
('tangerin', 7, 3, 13),
('tangerin', 7, 9, 0),
('tangerin', 7, 14, 0),
('tangerines', 7, 0, 2),
('tangerines', 7, 1, 0),
('tangerines', 7, 2, 11),
('tangerines', 7, 3, 3),
('tangerines', 7, 3, 13),
('tangerines', 7, 9, 0),
('tangerines', 7, 14, 0),
('that', 0, 3, 12),
('that', 1, 3, 12),
('that', 2, 3, 12),
('that', 3, 3, 12),
('that', 4, 3, 12),
('that', 5, 3, 12),
('that', 6, 3, 12),
('that', 7, 3, 12),
('that', 8, 3, 12),
('that', 9, 3, 12),
('that', 10, 3, 12),
('that', 11, 3, 12),
('that', 12, 3, 12),
('that', 13, 3, 12),
('that', 14, 3, 12),
('that', 15, 3, 12),
('that', 16, 3, 13),
('that', 17, 3, 12),
('that', 18, 3, 12),
('that', 19, 3, 12),
('that', 20, 3, 12),
('the', 0, 3, 15),
('the', 0, 3, 21),
('the', 0, 5, 0),
('the', 0, 5, 9),
('the', 0, 13, 0),
('the', 0, 13, 9),
('the', 1, 3, 15),
('the', 1, 3, 21),
('the', 1, 5, 0),
('the', 1, 5, 9),
('the', 1, 13, 0),
('the', 1, 13, 9),
('the', 2, 3, 15),
('the', 2, 3, 21),
('the', 2, 5, 0),
('the', 2, 5, 9),
('the', 2, 13, 0),
('the', 2, 13, 9),
('the', 3, 3, 15),
('the', 3, 3, 21),
('the', 3, 5, 0),
('the', 3, 5, 9),
('the', 3, 13, 0),
('the', 3, 13, 9),
('the', 4, 3, 15),
('the', 4, 3, 21),
('the', 4, 5, 0),
('the', 4, 5, 9),
('the', 4, 13, 0),
('the', 4, 13, 9),
('the', 5, 3, 15),
('the', 5, 3, 21),
('the', 5, 5, 0),
('the', 5, 5, 9),
('the', 5, 13, 0),
('the', 5, 13, 9),
('the', 6, 3, 15),
('the', 6, 3, 21),
('the', 6, 5, 0),
('the', 6, 5, 9),
('the', 6, 13, 0),
('the', 6, 13, 9),
('the', 7, 3, 15),
('the', 7, 3, 21),
('the', 7, 5, 0),
('the', 7, 5, 9),
('the', 7, 13, 0),
('the', 7, 13, 9),
('the', 8, 3, 15),
('the', 8, 3, 21),
('the', 8, 5, 0),
('the', 8, 5, 9),
('the', 8, 13, 0),
('the', 8, 13, 9),
('the', 9, 3, 15),
('the', 9, 3, 21),
('the', 9, 5, 0),
('the', 9, 5, 9),
('the', 9, 13, 0),
('the', 9, 13, 9),
('the', 10, 3, 15),
('the', 10, 3, 21),
('the', 10, 5, 0),
('the', 10, 5, 9),
('the', 10, 13, 0),
('the', 10, 13, 9),
('the', 11, 3, 15),
('the', 11, 3, 21),
('the', 11, 5, 0),
('the', 11, 5, 9),
('the', 11, 13, 0),
('the', 11, 13, 9),
('the', 12, 3, 15),
('the', 12, 3, 21),
('the', 12, 5, 0),
('the', 12, 5, 9),
('the', 12, 13, 0),
('the', 12, 13, 9),
('the', 13, 3, 15),
('the', 13, 3, 21),
('the', 13, 5, 0),
('the', 13, 5, 9),
('the', 13, 13, 0),
('the', 13, 13, 9),
('the', 14, 3, 15),
('the', 14, 3, 21),
('the', 14, 5, 0),
('the', 14, 5, 9),
('the', 14, 13, 0),
('the', 14, 13, 9),
('the', 15, 3, 15),
('the', 15, 3, 21),
('the', 15, 5, 0),
('the', 15, 5, 9),
('the', 15, 13, 0),
('the', 15, 13, 9),
('the', 16, 3, 17),
('the', 16, 3, 23),
('the', 16, 5, 0),
('the', 16, 5, 9),
('the', 16, 13, 0),
('the', 16, 13, 9),
('the', 17, 3, 15),
('the', 17, 3, 21),
('the', 17, 5, 0),
('the', 17, 5, 9),
('the', 17, 13, 0),
('the', 17, 13, 9),
('the', 18, 3, 15),
('the', 18, 3, 21),
('the', 18, 5, 0),
('the', 18, 5, 9),
('the', 18, 13, 0),
('the', 18, 13, 9),
('the', 19, 3, 15),
('the', 19, 3, 21),
('the', 19, 5, 0),
('the', 19, 5, 9),
('the', 19, 13, 0),
('the', 19, 13, 9),
('the', 20, 3, 15),
('the', 20, 3, 21),
('the', 20, 5, 0),
('the', 20, 5, 9),
('the', 20, 13, 0),
('the', 20, 13, 9),
('thi', 0, 2, 1),
('thi', 1, 2, 1),
('thi', 2, 2, 1),
('thi', 3, 2, 1),
('thi', 4, 2, 1),
('thi', 5, 2, 1),
('thi', 6, 2, 1),
('thi', 7, 2, 1),
('thi', 8, 2, 1),
('thi', 9, 2, 1),
('thi', 10, 2, 1),
('thi', 11, 2, 1),
('thi', 12, 2, 1),
('thi', 13, 2, 1),
('thi', 14, 2, 1),
('thi', 15, 2, 1),
('thi', 16, 2, 1),
('thi', 17, 2, 1),
('thi', 18, 2, 1),
('thi', 19, 2, 1),
('thi', 20, 2, 1),
('this', 0, 2, 1),
('this', 1, 2, 1),
('this', 2, 2, 1),
('this', 3, 2, 1),
('this', 4, 2, 1),
('this', 5, 2, 1),
('this', 6, 2, 1),
('this', 7, 2, 1),
('this', 8, 2, 1),
('this', 9, 2, 1),
('this', 10, 2, 1),
('this', 11, 2, 1),
('this', 12, 2, 1),
('this', 13, 2, 1),
('this', 14, 2, 1),
('this', 15, 2, 1),
('this', 16, 2, 1),
('this', 17, 2, 1),
('this', 18, 2, 1),
('this', 19, 2, 1),
('this', 20, 2, 1),
('till', 0, 2, 0),
('till', 1, 2, 0),
('till', 2, 2, 0),
('till', 3, 2, 0),
('till', 4, 2, 0),
('till', 5, 2, 0),
('till', 6, 2, 0),
('till', 7, 2, 0),
('till', 8, 2, 0),
('till', 9, 2, 0),
('till', 10, 2, 0),
('till', 11, 2, 0),
('till', 12, 2, 0),
('till', 13, 2, 0),
('till', 14, 2, 0),
('till', 15, 2, 0),
('till', 16, 2, 0),
('till', 17, 2, 0),
('till', 18, 2, 0),
('till', 19, 2, 0),
('till', 20, 2, 0),
('tomato', 14, 0, 2),
('tomato', 14, 1, 0),
('tomato', 14, 2, 11),
('tomato', 14, 3, 3),
('tomato', 14, 3, 13),
('tomato', 14, 9, 0),
('tomato', 14, 14, 0),
('tomatoes', 14, 0, 2),
('tomatoes', 14, 1, 0),
('tomatoes', 14, 2, 11),
('tomatoes', 14, 3, 3),
('tomatoes', 14, 3, 13),
('tomatoes', 14, 9, 0),
('tomatoes', 14, 14, 0),
('veri', 0, 2, 2),
('veri', 0, 11, 0),
('veri', 0, 16, 2),
('veri', 1, 2, 2),
('veri', 1, 11, 0),
('veri', 1, 16, 2),
('veri', 2, 2, 2),
('veri', 2, 11, 0),
('veri', 2, 16, 2),
('veri', 3, 2, 2),
('veri', 3, 11, 0),
('veri', 3, 16, 2),
('veri', 4, 2, 2),
('veri', 4, 11, 0),
('veri', 4, 16, 2),
('veri', 5, 2, 2),
('veri', 5, 11, 0),
('veri', 5, 16, 2),
('veri', 6, 2, 2),
('veri', 6, 11, 0),
('veri', 6, 16, 2),
('veri', 7, 2, 2),
('veri', 7, 11, 0),
('veri', 7, 16, 2),
('veri', 8, 2, 2),
('veri', 8, 11, 0),
('veri', 8, 16, 2),
('veri', 9, 2, 2),
('veri', 9, 11, 0),
('veri', 9, 16, 2),
('veri', 10, 2, 2),
('veri', 10, 11, 0),
('veri', 10, 16, 2),
('veri', 11, 2, 2),
('veri', 11, 11, 0),
('veri', 11, 16, 2),
('veri', 12, 2, 2),
('veri', 12, 11, 0),
('veri', 12, 16, 2),
('veri', 13, 2, 2),
('veri', 13, 11, 0),
('veri', 13, 16, 2),
('veri', 14, 2, 2),
('veri', 14, 11, 0),
('veri', 14, 16, 2),
('veri', 15, 2, 2),
('veri', 15, 11, 0),
('veri', 15, 16, 2),
('veri', 16, 2, 2),
('veri', 16, 11, 0),
('veri', 16, 16, 2),
('veri', 17, 2, 2),
('veri', 17, 11, 0),
('veri', 17, 16, 2),
('veri', 18, 2, 2),
('veri', 18, 11, 0),
('veri', 18, 16, 2),
('veri', 19, 2, 2),
('veri', 19, 11, 0),
('veri', 19, 16, 2),
('veri', 20, 2, 2),
('veri', 20, 11, 0),
('veri', 20, 16, 2),
('very', 0, 2, 2),
('very', 0, 11, 0),
('very', 0, 16, 2),
('very', 1, 2, 2),
('very', 1, 11, 0),
('very', 1, 16, 2),
('very', 2, 2, 2),
('very', 2, 11, 0),
('very', 2, 16, 2),
('very', 3, 2, 2),
('very', 3, 11, 0),
('very', 3, 16, 2),
('very', 4, 2, 2),
('very', 4, 11, 0),
('very', 4, 16, 2),
('very', 5, 2, 2),
('very', 5, 11, 0),
('very', 5, 16, 2),
('very', 6, 2, 2),
('very', 6, 11, 0),
('very', 6, 16, 2),
('very', 7, 2, 2),
('very', 7, 11, 0),
('very', 7, 16, 2),
('very', 8, 2, 2),
('very', 8, 11, 0),
('very', 8, 16, 2),
('very', 9, 2, 2),
('very', 9, 11, 0),
('very', 9, 16, 2),
('very', 10, 2, 2),
('very', 10, 11, 0),
('very', 10, 16, 2),
('very', 11, 2, 2),
('very', 11, 11, 0),
('very', 11, 16, 2),
('very', 12, 2, 2),
('very', 12, 11, 0),
('very', 12, 16, 2),
('very', 13, 2, 2),
('very', 13, 11, 0),
('very', 13, 16, 2),
('very', 14, 2, 2),
('very', 14, 11, 0),
('very', 14, 16, 2),
('very', 15, 2, 2),
('very', 15, 11, 0),
('very', 15, 16, 2),
('very', 16, 2, 2),
('very', 16, 11, 0),
('very', 16, 16, 2),
('very', 17, 2, 2),
('very', 17, 11, 0),
('very', 17, 16, 2),
('very', 18, 2, 2),
('very', 18, 11, 0),
('very', 18, 16, 2),
('very', 19, 2, 2),
('very', 19, 11, 0),
('very', 19, 16, 2),
('very', 20, 2, 2),
('very', 20, 11, 0),
('very', 20, 16, 2),
('watermelon', 4, 0, 2),
('watermelon', 4, 1, 0),
('watermelon', 4, 2, 11),
('watermelon', 4, 3, 3),
('watermelon', 4, 3, 13),
('watermelon', 4, 9, 0),
('watermelon', 4, 14, 0),
('watermelons', 4, 0, 2),
('watermelons', 4, 1, 0),
('watermelons', 4, 2, 11),
('watermelons', 4, 3, 3),
('watermelons', 4, 3, 13),
('watermelons', 4, 9, 0),
('watermelons', 4, 14, 0),
('what', 0, 2, 9),
('what', 1, 2, 9),
('what', 2, 2, 9),
('what', 3, 2, 9),
('what', 4, 2, 9),
('what', 5, 2, 9),
('what', 6, 2, 9),
('what', 7, 2, 9),
('what', 8, 2, 9),
('what', 9, 2, 9),
('what', 10, 2, 9),
('what', 11, 2, 9),
('what', 12, 2, 9),
('what', 13, 2, 9),
('what', 14, 2, 9),
('what', 15, 2, 9),
('what', 16, 2, 9),
('what', 17, 2, 9),
('what', 18, 2, 9),
('what', 19, 2, 9),
('what', 20, 2, 9),
('whatev', 0, 3, 0),
('whatev', 1, 3, 0),
('whatev', 2, 3, 0),
('whatev', 3, 3, 0),
('whatev', 4, 3, 0),
('whatev', 5, 3, 0),
('whatev', 6, 3, 0),
('whatev', 7, 3, 0),
('whatev', 8, 3, 0),
('whatev', 9, 3, 0),
('whatev', 10, 3, 0),
('whatev', 11, 3, 0),
('whatev', 12, 3, 0),
('whatev', 13, 3, 0),
('whatev', 14, 3, 0),
('whatev', 15, 3, 0),
('whatev', 16, 3, 0),
('whatev', 17, 3, 0),
('whatev', 18, 3, 0),
('whatev', 19, 3, 0),
('whatev', 20, 3, 0),
('whatever', 0, 3, 0),
('whatever', 1, 3, 0),
('whatever', 2, 3, 0),
('whatever', 3, 3, 0),
('whatever', 4, 3, 0),
('whatever', 5, 3, 0),
('whatever', 6, 3, 0),
('whatever', 7, 3, 0),
('whatever', 8, 3, 0),
('whatever', 9, 3, 0),
('whatever', 10, 3, 0),
('whatever', 11, 3, 0),
('whatever', 12, 3, 0),
('whatever', 13, 3, 0),
('whatever', 14, 3, 0),
('whatever', 15, 3, 0),
('whatever', 16, 3, 0),
('whatever', 17, 3, 0),
('whatever', 18, 3, 0),
('whatever', 19, 3, 0),
('whatever', 20, 3, 0),
('without', 0, 3, 9),
('without', 1, 3, 9),
('without', 2, 3, 9),
('without', 3, 3, 9),
('without', 4, 3, 9),
('without', 5, 3, 9),
('without', 6, 3, 9),
('without', 7, 3, 9),
('without', 8, 3, 9),
('without', 9, 3, 9),
('without', 10, 3, 9),
('without', 11, 3, 9),
('without', 12, 3, 9),
('without', 13, 3, 9),
('without', 14, 3, 9),
('without', 15, 3, 9),
('without', 16, 3, 10),
('without', 17, 3, 9),
('without', 18, 3, 9),
('without', 19, 3, 9),
('without', 20, 3, 9);

-- --------------------------------------------------------

--
-- Table structure for table `queries`
--

CREATE TABLE `queries` (
  `query_text` varchar(255) NOT NULL,
  `query_count` int(11) NOT NULL
) ENGINE=InnoDB DEFAULT CHARSET=latin1;

--
-- Dumping data for table `queries`
--

INSERT INTO `queries` (`query_text`, `query_count`) VALUES
('"apples made by"', 7),
('"apples made of"', 15),
('"apples"', 6),
('"made', 3),
('"made"', 4),
('apples', 9),
('apples made', 13),
('Are rhinos really extinct?', 13),
('cheeta dead', 1),
('cheetah', 3),
('cheetah made', 3),
('How much is Bill Gate''s salary?', 2),
('made', 3),
('Where is Bill Gates from?', 5),
('Where is Jack?', 1),
('Where is Jennifer Lawrence from?', 2),
('Where is Martian from?', 2),
('Where is Mustafa Shoaib from?', 1),
('Where is Nicole Kidman from?', 1),
('Where is Snowden from?', 65),
('Where is Steve Jobs from?', 10),
('Who is the wife of Bill Gates?', 23),
('Who is the wife of Brad Pitt?', 100);

-- --------------------------------------------------------

--
-- Table structure for table `results`
--

CREATE TABLE `results` (
  `docRank` int(11) NOT NULL DEFAULT '1',
  `docID` int(11) NOT NULL,
  `docTitle` varchar(255) NOT NULL DEFAULT 'Non Available',
  `docLink` varchar(255) DEFAULT NULL,
  `docHits` int(11) NOT NULL DEFAULT '1',
  `docWordCount` int(11) NOT NULL DEFAULT '0'
) ENGINE=InnoDB DEFAULT CHARSET=latin1;

-- --------------------------------------------------------

--
-- Table structure for table `tag_index`
--

CREATE TABLE `tag_index` (
  `term` varchar(255) NOT NULL,
  `docID` int(11) NOT NULL,
  `titleTag` int(11) DEFAULT '0',
  `hTag` int(11) DEFAULT '0',
  `boldTag` int(11) DEFAULT '0',
  `italicTag` int(11) DEFAULT '0',
  `contentTag` int(11) DEFAULT '0'
) ENGINE=InnoDB DEFAULT CHARSET=latin1;

--
-- Dumping data for table `tag_index`
--

INSERT INTO `tag_index` (`term`, `docID`, `titleTag`, `hTag`, `boldTag`, `italicTag`, `contentTag`) VALUES
('320', 0, 0, 0, 0, 0, 22),
('320', 1, 0, 0, 0, 0, 21),
('320', 2, 0, 0, 0, 0, 20),
('320', 3, 0, 0, 0, 0, 19),
('320', 4, 0, 0, 0, 0, 18),
('320', 5, 0, 0, 0, 0, 17),
('320', 6, 0, 0, 0, 0, 16),
('320', 7, 0, 0, 0, 0, 15),
('320', 8, 0, 0, 0, 0, 14),
('320', 9, 0, 0, 0, 0, 13),
('320', 10, 0, 0, 0, 0, 12),
('320', 11, 0, 0, 0, 0, 11),
('320', 12, 0, 0, 0, 0, 10),
('320', 13, 0, 0, 0, 0, 9),
('320', 14, 0, 0, 0, 0, 8),
('320', 15, 0, 0, 0, 0, 7),
('320', 16, 0, 0, 0, 0, 6),
('320', 17, 0, 0, 0, 0, 5),
('320', 18, 0, 0, 0, 0, 4),
('320', 19, 0, 0, 0, 0, 3),
('320', 20, 0, 0, 0, 0, 2),
('a', 0, 0, 0, 0, 0, 64),
('a', 1, 0, 0, 0, 0, 61),
('a', 2, 0, 0, 0, 0, 58),
('a', 3, 0, 0, 0, 0, 55),
('a', 4, 0, 0, 0, 0, 52),
('a', 5, 0, 0, 0, 0, 49),
('a', 6, 0, 0, 0, 0, 46),
('a', 7, 0, 0, 0, 0, 43),
('a', 8, 0, 0, 0, 0, 40),
('a', 9, 0, 0, 0, 0, 37),
('a', 10, 0, 0, 0, 0, 34),
('a', 11, 0, 0, 0, 0, 31),
('a', 12, 0, 0, 0, 0, 28),
('a', 13, 0, 0, 0, 0, 25),
('a', 14, 0, 0, 0, 0, 22),
('a', 15, 0, 0, 0, 0, 19),
('a', 16, 0, 0, 0, 0, 16),
('a', 17, 0, 0, 0, 0, 13),
('a', 18, 0, 0, 0, 0, 10),
('a', 19, 0, 0, 0, 0, 7),
('a', 20, 0, 0, 0, 0, 4),
('about', 0, 0, 0, 0, 0, 22),
('about', 1, 0, 0, 0, 0, 21),
('about', 2, 0, 0, 0, 0, 20),
('about', 3, 0, 0, 0, 0, 19),
('about', 4, 0, 0, 0, 0, 18),
('about', 5, 0, 0, 0, 0, 17),
('about', 6, 0, 0, 0, 0, 16),
('about', 7, 0, 0, 0, 0, 15),
('about', 8, 0, 0, 0, 0, 14),
('about', 9, 0, 0, 0, 0, 13),
('about', 10, 0, 0, 0, 0, 12),
('about', 11, 0, 0, 0, 0, 11),
('about', 12, 0, 0, 0, 0, 10),
('about', 13, 0, 0, 0, 0, 9),
('about', 14, 0, 0, 0, 0, 8),
('about', 15, 0, 0, 0, 0, 7),
('about', 16, 0, 0, 0, 0, 6),
('about', 17, 0, 0, 0, 0, 5),
('about', 18, 0, 0, 0, 0, 4),
('about', 19, 0, 0, 0, 0, 3),
('about', 20, 0, 0, 0, 0, 2),
('appl', 0, 1, 1, 0, 0, 7),
('apples', 0, 1, 1, 0, 0, 7),
('ar', 0, 0, 0, 0, 0, 43),
('ar', 1, 0, 0, 0, 0, 41),
('ar', 2, 0, 0, 0, 0, 39),
('ar', 3, 0, 0, 0, 0, 37),
('ar', 4, 0, 0, 0, 0, 35),
('ar', 5, 0, 0, 0, 0, 33),
('ar', 6, 0, 0, 0, 0, 31),
('ar', 7, 0, 0, 0, 0, 29),
('ar', 8, 0, 0, 0, 0, 27),
('ar', 9, 0, 0, 0, 0, 25),
('ar', 10, 0, 0, 0, 0, 23),
('ar', 11, 0, 0, 0, 0, 21),
('ar', 12, 0, 0, 0, 0, 19),
('ar', 13, 0, 0, 0, 0, 17),
('ar', 14, 0, 0, 0, 0, 15),
('ar', 15, 0, 0, 0, 0, 13),
('ar', 16, 0, 0, 0, 0, 11),
('ar', 17, 0, 0, 0, 0, 9),
('ar', 18, 0, 0, 0, 0, 7),
('ar', 19, 0, 0, 0, 0, 5),
('ar', 20, 0, 0, 0, 0, 3),
('are', 0, 0, 0, 0, 0, 43),
('are', 1, 0, 0, 0, 0, 41),
('are', 2, 0, 0, 0, 0, 39),
('are', 3, 0, 0, 0, 0, 37),
('are', 4, 0, 0, 0, 0, 35),
('are', 5, 0, 0, 0, 0, 33),
('are', 6, 0, 0, 0, 0, 31),
('are', 7, 0, 0, 0, 0, 29),
('are', 8, 0, 0, 0, 0, 27),
('are', 9, 0, 0, 0, 0, 25),
('are', 10, 0, 0, 0, 0, 23),
('are', 11, 0, 0, 0, 0, 21),
('are', 12, 0, 0, 0, 0, 19),
('are', 13, 0, 0, 0, 0, 17),
('are', 14, 0, 0, 0, 0, 15),
('are', 15, 0, 0, 0, 0, 13),
('are', 16, 0, 0, 0, 0, 11),
('are', 17, 0, 0, 0, 0, 9),
('are', 18, 0, 0, 0, 0, 7),
('are', 19, 0, 0, 0, 0, 5),
('are', 20, 0, 0, 0, 0, 3),
('banana', 1, 1, 1, 0, 0, 7),
('bananas', 1, 1, 1, 0, 0, 7),
('calori', 0, 0, 0, 0, 0, 22),
('calori', 1, 0, 0, 0, 0, 21),
('calori', 2, 0, 0, 0, 0, 20),
('calori', 3, 0, 0, 0, 0, 19),
('calori', 4, 0, 0, 0, 0, 18),
('calori', 5, 0, 0, 0, 0, 17),
('calori', 6, 0, 0, 0, 0, 16),
('calori', 7, 0, 0, 0, 0, 15),
('calori', 8, 0, 0, 0, 0, 14),
('calori', 9, 0, 0, 0, 0, 13),
('calori', 10, 0, 0, 0, 0, 12),
('calori', 11, 0, 0, 0, 0, 11),
('calori', 12, 0, 0, 0, 0, 10),
('calori', 13, 0, 0, 0, 0, 9),
('calori', 14, 0, 0, 0, 0, 8),
('calori', 15, 0, 0, 0, 0, 7),
('calori', 16, 0, 0, 0, 0, 6),
('calori', 17, 0, 0, 0, 0, 5),
('calori', 18, 0, 0, 0, 0, 4),
('calori', 19, 0, 0, 0, 0, 3),
('calori', 20, 0, 0, 0, 0, 2),
('calories', 0, 0, 0, 0, 0, 22),
('calories', 1, 0, 0, 0, 0, 21),
('calories', 2, 0, 0, 0, 0, 20),
('calories', 3, 0, 0, 0, 0, 19),
('calories', 4, 0, 0, 0, 0, 18),
('calories', 5, 0, 0, 0, 0, 17),
('calories', 6, 0, 0, 0, 0, 16),
('calories', 7, 0, 0, 0, 0, 15),
('calories', 8, 0, 0, 0, 0, 14),
('calories', 9, 0, 0, 0, 0, 13),
('calories', 10, 0, 0, 0, 0, 12),
('calories', 11, 0, 0, 0, 0, 11),
('calories', 12, 0, 0, 0, 0, 10),
('calories', 13, 0, 0, 0, 0, 9),
('calories', 14, 0, 0, 0, 0, 8),
('calories', 15, 0, 0, 0, 0, 7),
('calories', 16, 0, 0, 0, 0, 6),
('calories', 17, 0, 0, 0, 0, 5),
('calories', 18, 0, 0, 0, 0, 4),
('calories', 19, 0, 0, 0, 0, 3),
('calories', 20, 0, 0, 0, 0, 2),
('candi', 12, 1, 1, 0, 0, 7),
('candies', 12, 1, 1, 0, 0, 7),
('carrot', 10, 1, 1, 0, 0, 7),
('carrots', 10, 1, 1, 0, 0, 7),
('chocol', 20, 1, 1, 0, 0, 7),
('chocolates', 20, 1, 1, 0, 0, 7),
('cornflak', 13, 1, 1, 0, 0, 7),
('cornflakes', 13, 1, 1, 0, 0, 7),
('dai', 0, 0, 0, 0, 0, 1),
('dai', 1, 0, 0, 0, 0, 1),
('dai', 2, 0, 0, 0, 0, 1),
('dai', 3, 0, 0, 0, 0, 1),
('dai', 4, 0, 0, 0, 0, 1),
('dai', 5, 0, 0, 0, 0, 1),
('dai', 6, 0, 0, 0, 0, 1),
('dai', 7, 0, 0, 0, 0, 1),
('dai', 8, 0, 0, 0, 0, 1),
('dai', 9, 0, 0, 0, 0, 1),
('dai', 10, 0, 0, 0, 0, 1),
('dai', 11, 0, 0, 0, 0, 1),
('dai', 12, 0, 0, 0, 0, 1),
('dai', 13, 0, 0, 0, 0, 1),
('dai', 14, 0, 0, 0, 0, 1),
('dai', 15, 0, 0, 0, 0, 1),
('dai', 16, 0, 0, 0, 0, 1),
('dai', 17, 0, 0, 0, 0, 1),
('dai', 18, 0, 0, 0, 0, 1),
('dai', 19, 0, 0, 0, 0, 1),
('dai', 20, 0, 0, 0, 0, 1),
('day', 0, 0, 0, 0, 0, 1),
('day', 1, 0, 0, 0, 0, 1),
('day', 2, 0, 0, 0, 0, 1),
('day', 3, 0, 0, 0, 0, 1),
('day', 4, 0, 0, 0, 0, 1),
('day', 5, 0, 0, 0, 0, 1),
('day', 6, 0, 0, 0, 0, 1),
('day', 7, 0, 0, 0, 0, 1),
('day', 8, 0, 0, 0, 0, 1),
('day', 9, 0, 0, 0, 0, 1),
('day', 10, 0, 0, 0, 0, 1),
('day', 11, 0, 0, 0, 0, 1),
('day', 12, 0, 0, 0, 0, 1),
('day', 13, 0, 0, 0, 0, 1),
('day', 14, 0, 0, 0, 0, 1),
('day', 15, 0, 0, 0, 0, 1),
('day', 16, 0, 0, 0, 0, 1),
('day', 17, 0, 0, 0, 0, 1),
('day', 18, 0, 0, 0, 0, 1),
('day', 19, 0, 0, 0, 0, 1),
('day', 20, 0, 0, 0, 0, 1),
('doubt', 0, 0, 0, 0, 0, 1),
('doubt', 1, 0, 0, 0, 0, 1),
('doubt', 2, 0, 0, 0, 0, 1),
('doubt', 3, 0, 0, 0, 0, 1),
('doubt', 4, 0, 0, 0, 0, 1),
('doubt', 5, 0, 0, 0, 0, 1),
('doubt', 6, 0, 0, 0, 0, 1),
('doubt', 7, 0, 0, 0, 0, 1),
('doubt', 8, 0, 0, 0, 0, 1),
('doubt', 9, 0, 0, 0, 0, 1),
('doubt', 10, 0, 0, 0, 0, 1),
('doubt', 11, 0, 0, 0, 0, 1),
('doubt', 12, 0, 0, 0, 0, 1),
('doubt', 13, 0, 0, 0, 0, 1),
('doubt', 14, 0, 0, 0, 0, 1),
('doubt', 15, 0, 0, 0, 0, 1),
('doubt', 16, 0, 0, 0, 0, 1),
('doubt', 17, 0, 0, 0, 0, 1),
('doubt', 18, 0, 0, 0, 0, 1),
('doubt', 19, 0, 0, 0, 0, 1),
('doubt', 20, 0, 0, 0, 0, 1),
('doughnut', 17, 1, 1, 0, 0, 7),
('doughnuts', 17, 1, 1, 0, 0, 7),
('eaten', 0, 0, 0, 0, 0, 1),
('eaten', 1, 0, 0, 0, 0, 1),
('eaten', 2, 0, 0, 0, 0, 1),
('eaten', 3, 0, 0, 0, 0, 1),
('eaten', 4, 0, 0, 0, 0, 1),
('eaten', 5, 0, 0, 0, 0, 1),
('eaten', 6, 0, 0, 0, 0, 1),
('eaten', 7, 0, 0, 0, 0, 1),
('eaten', 8, 0, 0, 0, 0, 1),
('eaten', 9, 0, 0, 0, 0, 1),
('eaten', 10, 0, 0, 0, 0, 1),
('eaten', 11, 0, 0, 0, 0, 1),
('eaten', 12, 0, 0, 0, 0, 1),
('eaten', 13, 0, 0, 0, 0, 1),
('eaten', 14, 0, 0, 0, 0, 1),
('eaten', 15, 0, 0, 0, 0, 1),
('eaten', 16, 0, 0, 0, 0, 1),
('eaten', 17, 0, 0, 0, 0, 1),
('eaten', 18, 0, 0, 0, 0, 1),
('eaten', 19, 0, 0, 0, 0, 1),
('eaten', 20, 0, 0, 0, 0, 1),
('exactli', 0, 0, 0, 0, 0, 1),
('exactli', 1, 0, 0, 0, 0, 1),
('exactli', 2, 0, 0, 0, 0, 1),
('exactli', 3, 0, 0, 0, 0, 1),
('exactli', 4, 0, 0, 0, 0, 1),
('exactli', 5, 0, 0, 0, 0, 1),
('exactli', 6, 0, 0, 0, 0, 1),
('exactli', 7, 0, 0, 0, 0, 1),
('exactli', 8, 0, 0, 0, 0, 1),
('exactli', 9, 0, 0, 0, 0, 1),
('exactli', 10, 0, 0, 0, 0, 1),
('exactli', 11, 0, 0, 0, 0, 1),
('exactli', 12, 0, 0, 0, 0, 1),
('exactli', 13, 0, 0, 0, 0, 1),
('exactli', 14, 0, 0, 0, 0, 1),
('exactli', 15, 0, 0, 0, 0, 1),
('exactli', 16, 0, 0, 0, 0, 1),
('exactli', 17, 0, 0, 0, 0, 1),
('exactli', 18, 0, 0, 0, 0, 1),
('exactli', 19, 0, 0, 0, 0, 1),
('exactli', 20, 0, 0, 0, 0, 1),
('exactly', 0, 0, 0, 0, 0, 1),
('exactly', 1, 0, 0, 0, 0, 1),
('exactly', 2, 0, 0, 0, 0, 1),
('exactly', 3, 0, 0, 0, 0, 1),
('exactly', 4, 0, 0, 0, 0, 1),
('exactly', 5, 0, 0, 0, 0, 1),
('exactly', 6, 0, 0, 0, 0, 1),
('exactly', 7, 0, 0, 0, 0, 1),
('exactly', 8, 0, 0, 0, 0, 1),
('exactly', 9, 0, 0, 0, 0, 1),
('exactly', 10, 0, 0, 0, 0, 1),
('exactly', 11, 0, 0, 0, 0, 1),
('exactly', 12, 0, 0, 0, 0, 1),
('exactly', 13, 0, 0, 0, 0, 1),
('exactly', 14, 0, 0, 0, 0, 1),
('exactly', 15, 0, 0, 0, 0, 1),
('exactly', 16, 0, 0, 0, 0, 1),
('exactly', 17, 0, 0, 0, 0, 1),
('exactly', 18, 0, 0, 0, 0, 1),
('exactly', 19, 0, 0, 0, 0, 1),
('exactly', 20, 0, 0, 0, 0, 1),
('few', 0, 0, 0, 0, 0, 22),
('few', 1, 0, 0, 0, 0, 21),
('few', 2, 0, 0, 0, 0, 20),
('few', 3, 0, 0, 0, 0, 19),
('few', 4, 0, 0, 0, 0, 18),
('few', 5, 0, 0, 0, 0, 17),
('few', 6, 0, 0, 0, 0, 16),
('few', 7, 0, 0, 0, 0, 15),
('few', 8, 0, 0, 0, 0, 14),
('few', 9, 0, 0, 0, 0, 13),
('few', 10, 0, 0, 0, 0, 12),
('few', 11, 0, 0, 0, 0, 11),
('few', 12, 0, 0, 0, 0, 10),
('few', 13, 0, 0, 0, 0, 9),
('few', 14, 0, 0, 0, 0, 8),
('few', 15, 0, 0, 0, 0, 7),
('few', 16, 0, 0, 0, 0, 6),
('few', 17, 0, 0, 0, 0, 5),
('few', 18, 0, 0, 0, 0, 4),
('few', 19, 0, 0, 0, 0, 3),
('few', 20, 0, 0, 0, 0, 2),
('follow', 0, 0, 0, 0, 0, 22),
('follow', 1, 0, 0, 0, 0, 21),
('follow', 2, 0, 0, 0, 0, 20),
('follow', 3, 0, 0, 0, 0, 19),
('follow', 4, 0, 0, 0, 0, 18),
('follow', 5, 0, 0, 0, 0, 17),
('follow', 6, 0, 0, 0, 0, 16),
('follow', 7, 0, 0, 0, 0, 15),
('follow', 8, 0, 0, 0, 0, 14),
('follow', 9, 0, 0, 0, 0, 13),
('follow', 10, 0, 0, 0, 0, 12),
('follow', 11, 0, 0, 0, 0, 11),
('follow', 12, 0, 0, 0, 0, 10),
('follow', 13, 0, 0, 0, 0, 9),
('follow', 14, 0, 0, 0, 0, 8),
('follow', 15, 0, 0, 0, 0, 7),
('follow', 16, 0, 0, 0, 0, 6),
('follow', 17, 0, 0, 0, 0, 5),
('follow', 18, 0, 0, 0, 0, 4),
('follow', 19, 0, 0, 0, 0, 3),
('follow', 20, 0, 0, 0, 0, 2),
('following', 0, 0, 0, 0, 0, 22),
('following', 1, 0, 0, 0, 0, 21),
('following', 2, 0, 0, 0, 0, 20),
('following', 3, 0, 0, 0, 0, 19),
('following', 4, 0, 0, 0, 0, 18),
('following', 5, 0, 0, 0, 0, 17),
('following', 6, 0, 0, 0, 0, 16),
('following', 7, 0, 0, 0, 0, 15),
('following', 8, 0, 0, 0, 0, 14),
('following', 9, 0, 0, 0, 0, 13),
('following', 10, 0, 0, 0, 0, 12),
('following', 11, 0, 0, 0, 0, 11),
('following', 12, 0, 0, 0, 0, 10),
('following', 13, 0, 0, 0, 0, 9),
('following', 14, 0, 0, 0, 0, 8),
('following', 15, 0, 0, 0, 0, 7),
('following', 16, 0, 0, 0, 0, 6),
('following', 17, 0, 0, 0, 0, 5),
('following', 18, 0, 0, 0, 0, 4),
('following', 19, 0, 0, 0, 0, 3),
('following', 20, 0, 0, 0, 0, 2),
('food', 0, 2, 1, 0, 0, 133),
('food', 1, 2, 1, 0, 0, 127),
('food', 2, 2, 1, 0, 0, 121),
('food', 3, 2, 1, 0, 0, 115),
('food', 4, 2, 1, 0, 0, 109),
('food', 5, 2, 1, 0, 0, 103),
('food', 6, 2, 1, 0, 0, 97),
('food', 7, 2, 1, 0, 0, 91),
('food', 8, 2, 1, 0, 0, 85),
('food', 9, 2, 1, 0, 0, 79),
('food', 10, 2, 1, 0, 0, 73),
('food', 11, 2, 1, 0, 0, 67),
('food', 12, 2, 1, 0, 0, 61),
('food', 13, 2, 1, 0, 0, 55),
('food', 14, 2, 1, 0, 0, 49),
('food', 15, 2, 1, 0, 0, 43),
('food', 16, 2, 1, 0, 0, 37),
('food', 17, 1, 0, 0, 0, 24),
('food', 18, 1, 0, 0, 0, 18),
('food', 19, 1, 0, 0, 0, 12),
('food', 20, 1, 0, 0, 0, 6),
('form', 0, 0, 22, 0, 0, 42),
('form', 1, 0, 21, 0, 0, 40),
('form', 2, 0, 20, 0, 0, 38),
('form', 3, 0, 19, 0, 0, 36),
('form', 4, 0, 18, 0, 0, 34),
('form', 5, 0, 17, 0, 0, 32),
('form', 6, 0, 16, 0, 0, 30),
('form', 7, 0, 15, 0, 0, 28),
('form', 8, 0, 14, 0, 0, 26),
('form', 9, 0, 13, 0, 0, 24),
('form', 10, 0, 12, 0, 0, 22),
('form', 11, 0, 11, 0, 0, 20),
('form', 12, 0, 10, 0, 0, 18),
('form', 13, 0, 9, 0, 0, 16),
('form', 14, 0, 8, 0, 0, 14),
('form', 15, 0, 7, 0, 0, 12),
('form', 16, 0, 6, 0, 0, 10),
('form', 17, 0, 5, 0, 0, 8),
('form', 18, 0, 4, 0, 0, 6),
('form', 19, 0, 3, 0, 0, 4),
('form', 20, 0, 2, 0, 0, 2),
('fri', 16, 1, 1, 0, 0, 7),
('fried', 16, 1, 1, 0, 0, 7),
('goe', 0, 0, 0, 0, 0, 1),
('goe', 1, 0, 0, 0, 0, 1),
('goe', 2, 0, 0, 0, 0, 1),
('goe', 3, 0, 0, 0, 0, 1),
('goe', 4, 0, 0, 0, 0, 1),
('goe', 5, 0, 0, 0, 0, 1),
('goe', 6, 0, 0, 0, 0, 1),
('goe', 7, 0, 0, 0, 0, 1),
('goe', 8, 0, 0, 0, 0, 1),
('goe', 9, 0, 0, 0, 0, 1),
('goe', 10, 0, 0, 0, 0, 1),
('goe', 11, 0, 0, 0, 0, 1),
('goe', 12, 0, 0, 0, 0, 1),
('goe', 13, 0, 0, 0, 0, 1),
('goe', 14, 0, 0, 0, 0, 1),
('goe', 15, 0, 0, 0, 0, 1),
('goe', 16, 0, 0, 0, 0, 1),
('goe', 17, 0, 0, 0, 0, 1),
('goe', 18, 0, 0, 0, 0, 1),
('goe', 19, 0, 0, 0, 0, 1),
('goe', 20, 0, 0, 0, 0, 1),
('goes', 0, 0, 0, 0, 0, 1),
('goes', 1, 0, 0, 0, 0, 1),
('goes', 2, 0, 0, 0, 0, 1),
('goes', 3, 0, 0, 0, 0, 1),
('goes', 4, 0, 0, 0, 0, 1),
('goes', 5, 0, 0, 0, 0, 1),
('goes', 6, 0, 0, 0, 0, 1),
('goes', 7, 0, 0, 0, 0, 1),
('goes', 8, 0, 0, 0, 0, 1),
('goes', 9, 0, 0, 0, 0, 1),
('goes', 10, 0, 0, 0, 0, 1),
('goes', 11, 0, 0, 0, 0, 1),
('goes', 12, 0, 0, 0, 0, 1),
('goes', 13, 0, 0, 0, 0, 1),
('goes', 14, 0, 0, 0, 0, 1),
('goes', 15, 0, 0, 0, 0, 1),
('goes', 16, 0, 0, 0, 0, 1),
('goes', 17, 0, 0, 0, 0, 1),
('goes', 18, 0, 0, 0, 0, 1),
('goes', 19, 0, 0, 0, 0, 1),
('goes', 20, 0, 0, 0, 0, 1),
('health', 0, 0, 0, 0, 0, 1),
('health', 1, 0, 0, 0, 0, 1),
('health', 2, 0, 0, 0, 0, 1),
('health', 3, 0, 0, 0, 0, 1),
('health', 4, 0, 0, 0, 0, 1),
('health', 5, 0, 0, 0, 0, 1),
('health', 6, 0, 0, 0, 0, 1),
('health', 7, 0, 0, 0, 0, 1),
('health', 8, 0, 0, 0, 0, 1),
('health', 9, 0, 0, 0, 0, 1),
('health', 10, 0, 0, 0, 0, 1),
('health', 11, 0, 0, 0, 0, 1),
('health', 12, 0, 0, 0, 0, 1),
('health', 13, 0, 0, 0, 0, 1),
('health', 14, 0, 0, 0, 0, 1),
('health', 15, 0, 0, 0, 0, 1),
('health', 16, 0, 0, 0, 0, 1),
('health', 17, 0, 0, 0, 0, 1),
('health', 18, 0, 0, 0, 0, 1),
('health', 19, 0, 0, 0, 0, 1),
('health', 20, 0, 0, 0, 0, 1),
('healthi', 0, 0, 0, 0, 0, 43),
('healthi', 1, 0, 0, 0, 0, 41),
('healthi', 2, 0, 0, 0, 0, 39),
('healthi', 3, 0, 0, 0, 0, 37),
('healthi', 4, 0, 0, 0, 0, 35),
('healthi', 5, 0, 0, 0, 0, 33),
('healthi', 6, 0, 0, 0, 0, 31),
('healthi', 7, 0, 0, 0, 0, 29),
('healthi', 8, 0, 0, 0, 0, 27),
('healthi', 9, 0, 0, 0, 0, 25),
('healthi', 10, 0, 0, 0, 0, 23),
('healthi', 11, 0, 0, 0, 0, 21),
('healthi', 12, 0, 0, 0, 0, 19),
('healthi', 13, 0, 0, 0, 0, 17),
('healthi', 14, 0, 0, 0, 0, 15),
('healthi', 15, 0, 0, 0, 0, 13),
('healthi', 16, 0, 0, 0, 0, 11),
('healthi', 17, 0, 0, 0, 0, 9),
('healthi', 18, 0, 0, 0, 0, 7),
('healthi', 19, 0, 0, 0, 0, 5),
('healthi', 20, 0, 0, 0, 0, 3),
('healthy', 0, 0, 0, 0, 0, 43),
('healthy', 1, 0, 0, 0, 0, 41),
('healthy', 2, 0, 0, 0, 0, 39),
('healthy', 3, 0, 0, 0, 0, 37),
('healthy', 4, 0, 0, 0, 0, 35),
('healthy', 5, 0, 0, 0, 0, 33),
('healthy', 6, 0, 0, 0, 0, 31),
('healthy', 7, 0, 0, 0, 0, 29),
('healthy', 8, 0, 0, 0, 0, 27),
('healthy', 9, 0, 0, 0, 0, 25),
('healthy', 10, 0, 0, 0, 0, 23),
('healthy', 11, 0, 0, 0, 0, 21),
('healthy', 12, 0, 0, 0, 0, 19),
('healthy', 13, 0, 0, 0, 0, 17),
('healthy', 14, 0, 0, 0, 0, 15),
('healthy', 15, 0, 0, 0, 0, 13),
('healthy', 16, 0, 0, 0, 0, 11),
('healthy', 17, 0, 0, 0, 0, 9),
('healthy', 18, 0, 0, 0, 0, 7),
('healthy', 19, 0, 0, 0, 0, 5),
('healthy', 20, 0, 0, 0, 0, 3),
('histori', 0, 0, 0, 0, 0, 1),
('histori', 1, 0, 0, 0, 0, 1),
('histori', 2, 0, 0, 0, 0, 1),
('histori', 3, 0, 0, 0, 0, 1),
('histori', 4, 0, 0, 0, 0, 1),
('histori', 5, 0, 0, 0, 0, 1),
('histori', 6, 0, 0, 0, 0, 1),
('histori', 7, 0, 0, 0, 0, 1),
('histori', 8, 0, 0, 0, 0, 1),
('histori', 9, 0, 0, 0, 0, 1),
('histori', 10, 0, 0, 0, 0, 1),
('histori', 11, 0, 0, 0, 0, 1),
('histori', 12, 0, 0, 0, 0, 1),
('histori', 13, 0, 0, 0, 0, 1),
('histori', 14, 0, 0, 0, 0, 1),
('histori', 15, 0, 0, 0, 0, 1),
('histori', 16, 0, 0, 0, 0, 1),
('histori', 17, 0, 0, 0, 0, 1),
('histori', 18, 0, 0, 0, 0, 1),
('histori', 19, 0, 0, 0, 0, 1),
('histori', 20, 0, 0, 0, 0, 1),
('history', 0, 0, 0, 0, 0, 1),
('history', 1, 0, 0, 0, 0, 1),
('history', 2, 0, 0, 0, 0, 1),
('history', 3, 0, 0, 0, 0, 1),
('history', 4, 0, 0, 0, 0, 1),
('history', 5, 0, 0, 0, 0, 1),
('history', 6, 0, 0, 0, 0, 1),
('history', 7, 0, 0, 0, 0, 1),
('history', 8, 0, 0, 0, 0, 1),
('history', 9, 0, 0, 0, 0, 1),
('history', 10, 0, 0, 0, 0, 1),
('history', 11, 0, 0, 0, 0, 1),
('history', 12, 0, 0, 0, 0, 1),
('history', 13, 0, 0, 0, 0, 1),
('history', 14, 0, 0, 0, 0, 1),
('history', 15, 0, 0, 0, 0, 1),
('history', 16, 0, 0, 0, 0, 1),
('history', 17, 0, 0, 0, 0, 1),
('history', 18, 0, 0, 0, 0, 1),
('history', 19, 0, 0, 0, 0, 1),
('history', 20, 0, 0, 0, 0, 1),
('honei', 19, 1, 1, 0, 0, 7),
('honey', 19, 1, 1, 0, 0, 7),
('i', 0, 0, 0, 0, 0, 1),
('i', 1, 0, 0, 0, 0, 1),
('i', 2, 0, 0, 0, 0, 1),
('i', 3, 0, 0, 0, 0, 1),
('i', 4, 0, 0, 0, 0, 1),
('i', 5, 0, 0, 0, 0, 1),
('i', 6, 0, 0, 0, 0, 1),
('i', 7, 0, 0, 0, 0, 1),
('i', 8, 0, 0, 0, 0, 1),
('i', 9, 0, 0, 0, 0, 1),
('i', 10, 0, 0, 0, 0, 1),
('i', 11, 0, 0, 0, 0, 1),
('i', 12, 0, 0, 0, 0, 1),
('i', 13, 0, 0, 0, 0, 1),
('i', 14, 0, 0, 0, 0, 1),
('i', 15, 0, 0, 0, 0, 1),
('i', 16, 0, 0, 0, 0, 1),
('i', 17, 0, 0, 0, 0, 1),
('i', 18, 0, 0, 0, 0, 1),
('i', 19, 0, 0, 0, 0, 1),
('i', 20, 0, 0, 0, 0, 1),
('icecream', 18, 1, 1, 0, 0, 7),
('import', 0, 0, 0, 0, 0, 22),
('import', 1, 0, 0, 0, 0, 21),
('import', 2, 0, 0, 0, 0, 20),
('import', 3, 0, 0, 0, 0, 19),
('import', 4, 0, 0, 0, 0, 18),
('import', 5, 0, 0, 0, 0, 17),
('import', 6, 0, 0, 0, 0, 16),
('import', 7, 0, 0, 0, 0, 15),
('import', 8, 0, 0, 0, 0, 14),
('import', 9, 0, 0, 0, 0, 13),
('import', 10, 0, 0, 0, 0, 12),
('import', 11, 0, 0, 0, 0, 11),
('import', 12, 0, 0, 0, 0, 10),
('import', 13, 0, 0, 0, 0, 9),
('import', 14, 0, 0, 0, 0, 8),
('import', 15, 0, 0, 0, 0, 7),
('import', 16, 0, 0, 0, 0, 6),
('import', 17, 0, 0, 0, 0, 5),
('import', 18, 0, 0, 0, 0, 4),
('import', 19, 0, 0, 0, 0, 3),
('import', 20, 0, 0, 0, 0, 2),
('important', 0, 0, 0, 0, 0, 22),
('important', 1, 0, 0, 0, 0, 21),
('important', 2, 0, 0, 0, 0, 20),
('important', 3, 0, 0, 0, 0, 19),
('important', 4, 0, 0, 0, 0, 18),
('important', 5, 0, 0, 0, 0, 17),
('important', 6, 0, 0, 0, 0, 16),
('important', 7, 0, 0, 0, 0, 15),
('important', 8, 0, 0, 0, 0, 14),
('important', 9, 0, 0, 0, 0, 13),
('important', 10, 0, 0, 0, 0, 12),
('important', 11, 0, 0, 0, 0, 11),
('important', 12, 0, 0, 0, 0, 10),
('important', 13, 0, 0, 0, 0, 9),
('important', 14, 0, 0, 0, 0, 8),
('important', 15, 0, 0, 0, 0, 7),
('important', 16, 0, 0, 0, 0, 6),
('important', 17, 0, 0, 0, 0, 5),
('important', 18, 0, 0, 0, 0, 4),
('important', 19, 0, 0, 0, 0, 3),
('important', 20, 0, 0, 0, 0, 2),
('in', 0, 0, 0, 0, 0, 1),
('in', 1, 0, 0, 0, 0, 1),
('in', 2, 0, 0, 0, 0, 1),
('in', 3, 0, 0, 0, 0, 1),
('in', 4, 0, 0, 0, 0, 1),
('in', 5, 0, 0, 0, 0, 1),
('in', 6, 0, 0, 0, 0, 1),
('in', 7, 0, 0, 0, 0, 1),
('in', 8, 0, 0, 0, 0, 1),
('in', 9, 0, 0, 0, 0, 1),
('in', 10, 0, 0, 0, 0, 1),
('in', 11, 0, 0, 0, 0, 1),
('in', 12, 0, 0, 0, 0, 1),
('in', 13, 0, 0, 0, 0, 1),
('in', 14, 0, 0, 0, 0, 1),
('in', 15, 0, 0, 0, 0, 1),
('in', 16, 0, 0, 0, 0, 1),
('in', 17, 0, 0, 0, 0, 1),
('in', 18, 0, 0, 0, 0, 1),
('in', 19, 0, 0, 0, 0, 1),
('in', 20, 0, 0, 0, 0, 1),
('is', 0, 0, 0, 0, 0, 1),
('is', 1, 0, 0, 0, 0, 1),
('is', 2, 0, 0, 0, 0, 1),
('is', 3, 0, 0, 0, 0, 1),
('is', 4, 0, 0, 0, 0, 1),
('is', 5, 0, 0, 0, 0, 1),
('is', 6, 0, 0, 0, 0, 1),
('is', 7, 0, 0, 0, 0, 1),
('is', 8, 0, 0, 0, 0, 1),
('is', 9, 0, 0, 0, 0, 1),
('is', 10, 0, 0, 0, 0, 1),
('is', 11, 0, 0, 0, 0, 1),
('is', 12, 0, 0, 0, 0, 1),
('is', 13, 0, 0, 0, 0, 1),
('is', 14, 0, 0, 0, 0, 1),
('is', 15, 0, 0, 0, 0, 1),
('is', 16, 0, 0, 0, 0, 1),
('is', 17, 0, 0, 0, 0, 1),
('is', 18, 0, 0, 0, 0, 1),
('is', 19, 0, 0, 0, 0, 1),
('is', 20, 0, 0, 0, 0, 1),
('it', 0, 0, 0, 0, 0, 43),
('it', 1, 0, 0, 0, 0, 41),
('it', 2, 0, 0, 0, 0, 39),
('it', 3, 0, 0, 0, 0, 37),
('it', 4, 0, 0, 0, 0, 35),
('it', 5, 0, 0, 0, 0, 33),
('it', 6, 0, 0, 0, 0, 31),
('it', 7, 0, 0, 0, 0, 29),
('it', 8, 0, 0, 0, 0, 27),
('it', 9, 0, 0, 0, 0, 25),
('it', 10, 0, 0, 0, 0, 23),
('it', 11, 0, 0, 0, 0, 21),
('it', 12, 0, 0, 0, 0, 19),
('it', 13, 0, 0, 0, 0, 17),
('it', 14, 0, 0, 0, 0, 15),
('it', 15, 0, 0, 0, 0, 13),
('it', 16, 0, 0, 0, 0, 11),
('it', 17, 0, 0, 0, 0, 9),
('it', 18, 0, 0, 0, 0, 7),
('it', 19, 0, 0, 0, 0, 5),
('it', 20, 0, 0, 0, 0, 3),
('kingdom', 0, 1, 0, 0, 0, 42),
('kingdom', 1, 1, 0, 0, 0, 40),
('kingdom', 2, 1, 0, 0, 0, 38),
('kingdom', 3, 1, 0, 0, 0, 36),
('kingdom', 4, 1, 0, 0, 0, 34),
('kingdom', 5, 1, 0, 0, 0, 32),
('kingdom', 6, 1, 0, 0, 0, 30),
('kingdom', 7, 1, 0, 0, 0, 28),
('kingdom', 8, 1, 0, 0, 0, 26),
('kingdom', 9, 1, 0, 0, 0, 24),
('kingdom', 10, 1, 0, 0, 0, 22),
('kingdom', 11, 1, 0, 0, 0, 20),
('kingdom', 12, 1, 0, 0, 0, 18),
('kingdom', 13, 1, 0, 0, 0, 16),
('kingdom', 14, 1, 0, 0, 0, 14),
('kingdom', 15, 1, 0, 0, 0, 12),
('kingdom', 16, 1, 0, 0, 0, 10),
('kingdom', 17, 1, 0, 0, 0, 8),
('kingdom', 18, 1, 0, 0, 0, 6),
('kingdom', 19, 1, 0, 0, 0, 4),
('kingdom', 20, 1, 0, 0, 0, 2),
('kiwi', 3, 1, 1, 0, 0, 7),
('kiwis', 3, 1, 1, 0, 0, 7),
('level', 0, 0, 0, 0, 0, 22),
('level', 1, 0, 0, 0, 0, 21),
('level', 2, 0, 0, 0, 0, 20),
('level', 3, 0, 0, 0, 0, 19),
('level', 4, 0, 0, 0, 0, 18),
('level', 5, 0, 0, 0, 0, 17),
('level', 6, 0, 0, 0, 0, 16),
('level', 7, 0, 0, 0, 0, 15),
('level', 8, 0, 0, 0, 0, 14),
('level', 9, 0, 0, 0, 0, 13),
('level', 10, 0, 0, 0, 0, 12),
('level', 11, 0, 0, 0, 0, 11),
('level', 12, 0, 0, 0, 0, 10),
('level', 13, 0, 0, 0, 0, 9),
('level', 14, 0, 0, 0, 0, 8),
('level', 15, 0, 0, 0, 0, 7),
('level', 16, 0, 0, 0, 0, 6),
('level', 17, 0, 0, 0, 0, 5),
('level', 18, 0, 0, 0, 0, 4),
('level', 19, 0, 0, 0, 0, 3),
('level', 20, 0, 0, 0, 0, 2),
('list', 0, 0, 1, 0, 0, 42),
('list', 1, 0, 1, 0, 0, 40),
('list', 2, 0, 1, 0, 0, 38),
('list', 3, 0, 1, 0, 0, 36),
('list', 4, 0, 1, 0, 0, 34),
('list', 5, 0, 1, 0, 0, 32),
('list', 6, 0, 1, 0, 0, 30),
('list', 7, 0, 1, 0, 0, 28),
('list', 8, 0, 1, 0, 0, 26),
('list', 9, 0, 1, 0, 0, 24),
('list', 10, 0, 1, 0, 0, 22),
('list', 11, 0, 1, 0, 0, 20),
('list', 12, 0, 1, 0, 0, 18),
('list', 13, 0, 1, 0, 0, 16),
('list', 14, 0, 1, 0, 0, 14),
('list', 15, 0, 1, 0, 0, 12),
('list', 16, 0, 1, 0, 0, 10),
('list', 17, 0, 1, 0, 0, 8),
('list', 18, 0, 1, 0, 0, 6),
('list', 19, 0, 1, 0, 0, 4),
('list', 20, 0, 1, 0, 0, 2),
('made', 0, 0, 0, 0, 0, 22),
('made', 1, 0, 0, 0, 0, 21),
('made', 2, 0, 0, 0, 0, 20),
('made', 3, 0, 0, 0, 0, 19),
('made', 4, 0, 0, 0, 0, 18),
('made', 5, 0, 0, 0, 0, 17),
('made', 6, 0, 0, 0, 0, 16),
('made', 7, 0, 0, 0, 0, 15),
('made', 8, 0, 0, 0, 0, 14),
('made', 9, 0, 0, 0, 0, 13),
('made', 10, 0, 0, 0, 0, 12),
('made', 11, 0, 0, 0, 0, 11),
('made', 12, 0, 0, 0, 0, 10),
('made', 13, 0, 0, 0, 0, 9),
('made', 14, 0, 0, 0, 0, 8),
('made', 15, 0, 0, 0, 0, 7),
('made', 16, 0, 0, 0, 0, 6),
('made', 17, 0, 0, 0, 0, 5),
('made', 18, 0, 0, 0, 0, 4),
('made', 19, 0, 0, 0, 0, 3),
('made', 20, 0, 0, 0, 0, 2),
('mango', 5, 1, 1, 0, 0, 7),
('mangos', 5, 1, 1, 0, 0, 7),
('most', 0, 0, 0, 0, 0, 1),
('most', 1, 0, 0, 0, 0, 1),
('most', 2, 0, 0, 0, 0, 1),
('most', 3, 0, 0, 0, 0, 1),
('most', 4, 0, 0, 0, 0, 1),
('most', 5, 0, 0, 0, 0, 1),
('most', 6, 0, 0, 0, 0, 1),
('most', 7, 0, 0, 0, 0, 1),
('most', 8, 0, 0, 0, 0, 1),
('most', 9, 0, 0, 0, 0, 1),
('most', 10, 0, 0, 0, 0, 1),
('most', 11, 0, 0, 0, 0, 1),
('most', 12, 0, 0, 0, 0, 1),
('most', 13, 0, 0, 0, 0, 1),
('most', 14, 0, 0, 0, 0, 1),
('most', 15, 0, 0, 0, 0, 1),
('most', 16, 0, 0, 0, 0, 1),
('most', 17, 0, 0, 0, 0, 1),
('most', 18, 0, 0, 0, 0, 1),
('most', 19, 0, 0, 0, 0, 1),
('most', 20, 0, 0, 0, 0, 1),
('of', 0, 0, 0, 0, 0, 43),
('of', 1, 0, 0, 0, 0, 41),
('of', 2, 0, 0, 0, 0, 39),
('of', 3, 0, 0, 0, 0, 37),
('of', 4, 0, 0, 0, 0, 35),
('of', 5, 0, 0, 0, 0, 33),
('of', 6, 0, 0, 0, 0, 31),
('of', 7, 0, 0, 0, 0, 29),
('of', 8, 0, 0, 0, 0, 27),
('of', 9, 0, 0, 0, 0, 25),
('of', 10, 0, 0, 0, 0, 23),
('of', 11, 0, 0, 0, 0, 21),
('of', 12, 0, 0, 0, 0, 19),
('of', 13, 0, 0, 0, 0, 17),
('of', 14, 0, 0, 0, 0, 15),
('of', 15, 0, 0, 0, 0, 13),
('of', 16, 0, 0, 0, 0, 11),
('of', 17, 0, 0, 0, 0, 9),
('of', 18, 0, 0, 0, 0, 7),
('of', 19, 0, 0, 0, 0, 5),
('of', 20, 0, 0, 0, 0, 3),
('oliv', 11, 1, 1, 0, 0, 7),
('olives', 11, 1, 1, 0, 0, 7),
('orang', 6, 1, 1, 0, 0, 7),
('oranges', 6, 1, 1, 0, 0, 7),
('pea', 9, 1, 1, 0, 0, 7),
('peach', 8, 1, 1, 0, 0, 7),
('peaches', 8, 1, 1, 0, 0, 7),
('peas', 9, 1, 1, 0, 0, 7),
('pineappl', 2, 1, 1, 0, 0, 7),
('pineapples', 2, 1, 1, 0, 0, 7),
('remain', 0, 0, 0, 0, 0, 1),
('remain', 1, 0, 0, 0, 0, 1),
('remain', 2, 0, 0, 0, 0, 1),
('remain', 3, 0, 0, 0, 0, 1),
('remain', 4, 0, 0, 0, 0, 1),
('remain', 5, 0, 0, 0, 0, 1),
('remain', 6, 0, 0, 0, 0, 1),
('remain', 7, 0, 0, 0, 0, 1),
('remain', 8, 0, 0, 0, 0, 1),
('remain', 9, 0, 0, 0, 0, 1),
('remain', 10, 0, 0, 0, 0, 1),
('remain', 11, 0, 0, 0, 0, 1),
('remain', 12, 0, 0, 0, 0, 1),
('remain', 13, 0, 0, 0, 0, 1),
('remain', 14, 0, 0, 0, 0, 1),
('remain', 15, 0, 0, 0, 0, 1),
('remain', 16, 0, 0, 0, 0, 1),
('remain', 17, 0, 0, 0, 0, 1),
('remain', 18, 0, 0, 0, 0, 1),
('remain', 19, 0, 0, 0, 0, 1),
('remain', 20, 0, 0, 0, 0, 1),
('remains', 0, 0, 0, 0, 0, 1),
('remains', 1, 0, 0, 0, 0, 1),
('remains', 2, 0, 0, 0, 0, 1),
('remains', 3, 0, 0, 0, 0, 1),
('remains', 4, 0, 0, 0, 0, 1),
('remains', 5, 0, 0, 0, 0, 1),
('remains', 6, 0, 0, 0, 0, 1),
('remains', 7, 0, 0, 0, 0, 1),
('remains', 8, 0, 0, 0, 0, 1),
('remains', 9, 0, 0, 0, 0, 1),
('remains', 10, 0, 0, 0, 0, 1),
('remains', 11, 0, 0, 0, 0, 1),
('remains', 12, 0, 0, 0, 0, 1),
('remains', 13, 0, 0, 0, 0, 1),
('remains', 14, 0, 0, 0, 0, 1),
('remains', 15, 0, 0, 0, 0, 1),
('remains', 16, 0, 0, 0, 0, 1),
('remains', 17, 0, 0, 0, 0, 1),
('remains', 18, 0, 0, 0, 0, 1),
('remains', 19, 0, 0, 0, 0, 1),
('remains', 20, 0, 0, 0, 0, 1),
('rice', 15, 1, 1, 0, 0, 7),
('show', 0, 0, 0, 0, 0, 22),
('show', 1, 0, 0, 0, 0, 21),
('show', 2, 0, 0, 0, 0, 20),
('show', 3, 0, 0, 0, 0, 19),
('show', 4, 0, 0, 0, 0, 18),
('show', 5, 0, 0, 0, 0, 17),
('show', 6, 0, 0, 0, 0, 16),
('show', 7, 0, 0, 0, 0, 15),
('show', 8, 0, 0, 0, 0, 14),
('show', 9, 0, 0, 0, 0, 13),
('show', 10, 0, 0, 0, 0, 12),
('show', 11, 0, 0, 0, 0, 11),
('show', 12, 0, 0, 0, 0, 10),
('show', 13, 0, 0, 0, 0, 9),
('show', 14, 0, 0, 0, 0, 8),
('show', 15, 0, 0, 0, 0, 7),
('show', 16, 0, 0, 0, 0, 6),
('show', 17, 0, 0, 0, 0, 5),
('show', 18, 0, 0, 0, 0, 4),
('show', 19, 0, 0, 0, 0, 3),
('show', 20, 0, 0, 0, 0, 2),
('shows', 0, 0, 0, 0, 0, 22),
('shows', 1, 0, 0, 0, 0, 21),
('shows', 2, 0, 0, 0, 0, 20),
('shows', 3, 0, 0, 0, 0, 19),
('shows', 4, 0, 0, 0, 0, 18),
('shows', 5, 0, 0, 0, 0, 17),
('shows', 6, 0, 0, 0, 0, 16),
('shows', 7, 0, 0, 0, 0, 15),
('shows', 8, 0, 0, 0, 0, 14),
('shows', 9, 0, 0, 0, 0, 13),
('shows', 10, 0, 0, 0, 0, 12),
('shows', 11, 0, 0, 0, 0, 11),
('shows', 12, 0, 0, 0, 0, 10),
('shows', 13, 0, 0, 0, 0, 9),
('shows', 14, 0, 0, 0, 0, 8),
('shows', 15, 0, 0, 0, 0, 7),
('shows', 16, 0, 0, 0, 0, 6),
('shows', 17, 0, 0, 0, 0, 5),
('shows', 18, 0, 0, 0, 0, 4),
('shows', 19, 0, 0, 0, 0, 3),
('shows', 20, 0, 0, 0, 0, 2),
('statist', 0, 0, 22, 0, 0, 84),
('statist', 1, 0, 21, 0, 0, 80),
('statist', 2, 0, 20, 0, 0, 76),
('statist', 3, 0, 19, 0, 0, 72),
('statist', 4, 0, 18, 0, 0, 68),
('statist', 5, 0, 17, 0, 0, 64),
('statist', 6, 0, 16, 0, 0, 60),
('statist', 7, 0, 15, 0, 0, 56),
('statist', 8, 0, 14, 0, 0, 52),
('statist', 9, 0, 13, 0, 0, 48),
('statist', 10, 0, 12, 0, 0, 44),
('statist', 11, 0, 11, 0, 0, 40),
('statist', 12, 0, 10, 0, 0, 36),
('statist', 13, 0, 9, 0, 0, 32),
('statist', 14, 0, 8, 0, 0, 28),
('statist', 15, 0, 7, 0, 0, 24),
('statist', 16, 0, 6, 0, 0, 20),
('statist', 17, 0, 5, 0, 0, 16),
('statist', 18, 0, 4, 0, 0, 12),
('statist', 19, 0, 3, 0, 0, 8),
('statist', 20, 0, 2, 0, 0, 4),
('statistics', 0, 0, 22, 0, 0, 84),
('statistics', 1, 0, 21, 0, 0, 80),
('statistics', 2, 0, 20, 0, 0, 76),
('statistics', 3, 0, 19, 0, 0, 72),
('statistics', 4, 0, 18, 0, 0, 68),
('statistics', 5, 0, 17, 0, 0, 64),
('statistics', 6, 0, 16, 0, 0, 60),
('statistics', 7, 0, 15, 0, 0, 56),
('statistics', 8, 0, 14, 0, 0, 52),
('statistics', 9, 0, 13, 0, 0, 48),
('statistics', 10, 0, 12, 0, 0, 44),
('statistics', 11, 0, 11, 0, 0, 40),
('statistics', 12, 0, 10, 0, 0, 36),
('statistics', 13, 0, 9, 0, 0, 32),
('statistics', 14, 0, 8, 0, 0, 28),
('statistics', 15, 0, 7, 0, 0, 24),
('statistics', 16, 0, 6, 0, 0, 20),
('statistics', 17, 0, 5, 0, 0, 16),
('statistics', 18, 0, 4, 0, 0, 12),
('statistics', 19, 0, 3, 0, 0, 8),
('statistics', 20, 0, 2, 0, 0, 4),
('still', 0, 0, 0, 0, 0, 1),
('still', 1, 0, 0, 0, 0, 1),
('still', 2, 0, 0, 0, 0, 1),
('still', 3, 0, 0, 0, 0, 1),
('still', 4, 0, 0, 0, 0, 1),
('still', 5, 0, 0, 0, 0, 1),
('still', 6, 0, 0, 0, 0, 1),
('still', 7, 0, 0, 0, 0, 1),
('still', 8, 0, 0, 0, 0, 1),
('still', 9, 0, 0, 0, 0, 1),
('still', 10, 0, 0, 0, 0, 1),
('still', 11, 0, 0, 0, 0, 1),
('still', 12, 0, 0, 0, 0, 1),
('still', 13, 0, 0, 0, 0, 1),
('still', 14, 0, 0, 0, 0, 1),
('still', 15, 0, 0, 0, 0, 1),
('still', 16, 0, 0, 0, 0, 1),
('still', 17, 0, 0, 0, 0, 1),
('still', 18, 0, 0, 0, 0, 1),
('still', 19, 0, 0, 0, 0, 1),
('still', 20, 0, 0, 0, 0, 1),
('tabl', 0, 0, 1, 0, 0, 42),
('tabl', 1, 0, 1, 0, 0, 40),
('tabl', 2, 0, 1, 0, 0, 38),
('tabl', 3, 0, 1, 0, 0, 36),
('tabl', 4, 0, 1, 0, 0, 34),
('tabl', 5, 0, 1, 0, 0, 32),
('tabl', 6, 0, 1, 0, 0, 30),
('tabl', 7, 0, 1, 0, 0, 28),
('tabl', 8, 0, 1, 0, 0, 26),
('tabl', 9, 0, 1, 0, 0, 24),
('tabl', 10, 0, 1, 0, 0, 22),
('tabl', 11, 0, 1, 0, 0, 20),
('tabl', 12, 0, 1, 0, 0, 18),
('tabl', 13, 0, 1, 0, 0, 16),
('tabl', 14, 0, 1, 0, 0, 14),
('tabl', 15, 0, 1, 0, 0, 12),
('tabl', 16, 0, 1, 0, 0, 10),
('tabl', 17, 0, 1, 0, 0, 8),
('tabl', 18, 0, 1, 0, 0, 6),
('tabl', 19, 0, 1, 0, 0, 4),
('tabl', 20, 0, 1, 0, 0, 2),
('table', 0, 0, 1, 0, 0, 42),
('table', 1, 0, 1, 0, 0, 40),
('table', 2, 0, 1, 0, 0, 38),
('table', 3, 0, 1, 0, 0, 36),
('table', 4, 0, 1, 0, 0, 34),
('table', 5, 0, 1, 0, 0, 32),
('table', 6, 0, 1, 0, 0, 30),
('table', 7, 0, 1, 0, 0, 28),
('table', 8, 0, 1, 0, 0, 26),
('table', 9, 0, 1, 0, 0, 24),
('table', 10, 0, 1, 0, 0, 22),
('table', 11, 0, 1, 0, 0, 20),
('table', 12, 0, 1, 0, 0, 18),
('table', 13, 0, 1, 0, 0, 16),
('table', 14, 0, 1, 0, 0, 14),
('table', 15, 0, 1, 0, 0, 12),
('table', 16, 0, 1, 0, 0, 10),
('table', 17, 0, 1, 0, 0, 8),
('table', 18, 0, 1, 0, 0, 6),
('table', 19, 0, 1, 0, 0, 4),
('table', 20, 0, 1, 0, 0, 2),
('tangerin', 7, 1, 1, 0, 0, 7),
('tangerines', 7, 1, 1, 0, 0, 7),
('that', 0, 0, 0, 0, 0, 1),
('that', 1, 0, 0, 0, 0, 1),
('that', 2, 0, 0, 0, 0, 1),
('that', 3, 0, 0, 0, 0, 1),
('that', 4, 0, 0, 0, 0, 1),
('that', 5, 0, 0, 0, 0, 1),
('that', 6, 0, 0, 0, 0, 1),
('that', 7, 0, 0, 0, 0, 1),
('that', 8, 0, 0, 0, 0, 1),
('that', 9, 0, 0, 0, 0, 1),
('that', 10, 0, 0, 0, 0, 1),
('that', 11, 0, 0, 0, 0, 1),
('that', 12, 0, 0, 0, 0, 1),
('that', 13, 0, 0, 0, 0, 1),
('that', 14, 0, 0, 0, 0, 1),
('that', 15, 0, 0, 0, 0, 1),
('that', 16, 0, 0, 0, 0, 1),
('that', 17, 0, 0, 0, 0, 1),
('that', 18, 0, 0, 0, 0, 1),
('that', 19, 0, 0, 0, 0, 1),
('that', 20, 0, 0, 0, 0, 1),
('the', 0, 0, 0, 0, 0, 106),
('the', 1, 0, 0, 0, 0, 101),
('the', 2, 0, 0, 0, 0, 96),
('the', 3, 0, 0, 0, 0, 91),
('the', 4, 0, 0, 0, 0, 86),
('the', 5, 0, 0, 0, 0, 81),
('the', 6, 0, 0, 0, 0, 76),
('the', 7, 0, 0, 0, 0, 71),
('the', 8, 0, 0, 0, 0, 66),
('the', 9, 0, 0, 0, 0, 61),
('the', 10, 0, 0, 0, 0, 56),
('the', 11, 0, 0, 0, 0, 51),
('the', 12, 0, 0, 0, 0, 46),
('the', 13, 0, 0, 0, 0, 41),
('the', 14, 0, 0, 0, 0, 36),
('the', 15, 0, 0, 0, 0, 31),
('the', 16, 0, 0, 0, 0, 26),
('the', 17, 0, 0, 0, 0, 21),
('the', 18, 0, 0, 0, 0, 16),
('the', 19, 0, 0, 0, 0, 11),
('the', 20, 0, 0, 0, 0, 6),
('thi', 0, 0, 0, 0, 0, 1),
('thi', 1, 0, 0, 0, 0, 1),
('thi', 2, 0, 0, 0, 0, 1),
('thi', 3, 0, 0, 0, 0, 1),
('thi', 4, 0, 0, 0, 0, 1),
('thi', 5, 0, 0, 0, 0, 1),
('thi', 6, 0, 0, 0, 0, 1),
('thi', 7, 0, 0, 0, 0, 1),
('thi', 8, 0, 0, 0, 0, 1),
('thi', 9, 0, 0, 0, 0, 1),
('thi', 10, 0, 0, 0, 0, 1),
('thi', 11, 0, 0, 0, 0, 1),
('thi', 12, 0, 0, 0, 0, 1),
('thi', 13, 0, 0, 0, 0, 1),
('thi', 14, 0, 0, 0, 0, 1),
('thi', 15, 0, 0, 0, 0, 1),
('thi', 16, 0, 0, 0, 0, 1),
('thi', 17, 0, 0, 0, 0, 1),
('thi', 18, 0, 0, 0, 0, 1),
('thi', 19, 0, 0, 0, 0, 1),
('thi', 20, 0, 0, 0, 0, 1),
('this', 0, 0, 0, 0, 0, 1),
('this', 1, 0, 0, 0, 0, 1),
('this', 2, 0, 0, 0, 0, 1),
('this', 3, 0, 0, 0, 0, 1),
('this', 4, 0, 0, 0, 0, 1),
('this', 5, 0, 0, 0, 0, 1),
('this', 6, 0, 0, 0, 0, 1),
('this', 7, 0, 0, 0, 0, 1),
('this', 8, 0, 0, 0, 0, 1),
('this', 9, 0, 0, 0, 0, 1),
('this', 10, 0, 0, 0, 0, 1),
('this', 11, 0, 0, 0, 0, 1),
('this', 12, 0, 0, 0, 0, 1),
('this', 13, 0, 0, 0, 0, 1),
('this', 14, 0, 0, 0, 0, 1),
('this', 15, 0, 0, 0, 0, 1),
('this', 16, 0, 0, 0, 0, 1),
('this', 17, 0, 0, 0, 0, 1),
('this', 18, 0, 0, 0, 0, 1),
('this', 19, 0, 0, 0, 0, 1),
('this', 20, 0, 0, 0, 0, 1),
('till', 0, 0, 0, 0, 0, 1),
('till', 1, 0, 0, 0, 0, 1),
('till', 2, 0, 0, 0, 0, 1),
('till', 3, 0, 0, 0, 0, 1),
('till', 4, 0, 0, 0, 0, 1),
('till', 5, 0, 0, 0, 0, 1),
('till', 6, 0, 0, 0, 0, 1),
('till', 7, 0, 0, 0, 0, 1),
('till', 8, 0, 0, 0, 0, 1),
('till', 9, 0, 0, 0, 0, 1),
('till', 10, 0, 0, 0, 0, 1),
('till', 11, 0, 0, 0, 0, 1),
('till', 12, 0, 0, 0, 0, 1),
('till', 13, 0, 0, 0, 0, 1),
('till', 14, 0, 0, 0, 0, 1),
('till', 15, 0, 0, 0, 0, 1),
('till', 16, 0, 0, 0, 0, 1),
('till', 17, 0, 0, 0, 0, 1),
('till', 18, 0, 0, 0, 0, 1),
('till', 19, 0, 0, 0, 0, 1),
('till', 20, 0, 0, 0, 0, 1),
('tomato', 14, 1, 1, 0, 0, 7),
('tomatoes', 14, 1, 1, 0, 0, 7),
('veri', 0, 0, 0, 0, 0, 43),
('veri', 1, 0, 0, 0, 0, 41),
('veri', 2, 0, 0, 0, 0, 39),
('veri', 3, 0, 0, 0, 0, 37),
('veri', 4, 0, 0, 0, 0, 35),
('veri', 5, 0, 0, 0, 0, 33),
('veri', 6, 0, 0, 0, 0, 31),
('veri', 7, 0, 0, 0, 0, 29),
('veri', 8, 0, 0, 0, 0, 27),
('veri', 9, 0, 0, 0, 0, 25),
('veri', 10, 0, 0, 0, 0, 23),
('veri', 11, 0, 0, 0, 0, 21),
('veri', 12, 0, 0, 0, 0, 19),
('veri', 13, 0, 0, 0, 0, 17),
('veri', 14, 0, 0, 0, 0, 15),
('veri', 15, 0, 0, 0, 0, 13),
('veri', 16, 0, 0, 0, 0, 11),
('veri', 17, 0, 0, 0, 0, 9),
('veri', 18, 0, 0, 0, 0, 7),
('veri', 19, 0, 0, 0, 0, 5),
('veri', 20, 0, 0, 0, 0, 3),
('very', 0, 0, 0, 0, 0, 43),
('very', 1, 0, 0, 0, 0, 41),
('very', 2, 0, 0, 0, 0, 39),
('very', 3, 0, 0, 0, 0, 37),
('very', 4, 0, 0, 0, 0, 35),
('very', 5, 0, 0, 0, 0, 33),
('very', 6, 0, 0, 0, 0, 31),
('very', 7, 0, 0, 0, 0, 29),
('very', 8, 0, 0, 0, 0, 27),
('very', 9, 0, 0, 0, 0, 25),
('very', 10, 0, 0, 0, 0, 23),
('very', 11, 0, 0, 0, 0, 21),
('very', 12, 0, 0, 0, 0, 19),
('very', 13, 0, 0, 0, 0, 17),
('very', 14, 0, 0, 0, 0, 15),
('very', 15, 0, 0, 0, 0, 13),
('very', 16, 0, 0, 0, 0, 11),
('very', 17, 0, 0, 0, 0, 9),
('very', 18, 0, 0, 0, 0, 7),
('very', 19, 0, 0, 0, 0, 5),
('very', 20, 0, 0, 0, 0, 3),
('watermelon', 4, 1, 1, 0, 0, 7),
('watermelons', 4, 1, 1, 0, 0, 7),
('what', 0, 0, 0, 0, 0, 1),
('what', 1, 0, 0, 0, 0, 1),
('what', 2, 0, 0, 0, 0, 1),
('what', 3, 0, 0, 0, 0, 1),
('what', 4, 0, 0, 0, 0, 1),
('what', 5, 0, 0, 0, 0, 1),
('what', 6, 0, 0, 0, 0, 1),
('what', 7, 0, 0, 0, 0, 1),
('what', 8, 0, 0, 0, 0, 1),
('what', 9, 0, 0, 0, 0, 1),
('what', 10, 0, 0, 0, 0, 1),
('what', 11, 0, 0, 0, 0, 1),
('what', 12, 0, 0, 0, 0, 1),
('what', 13, 0, 0, 0, 0, 1),
('what', 14, 0, 0, 0, 0, 1),
('what', 15, 0, 0, 0, 0, 1),
('what', 16, 0, 0, 0, 0, 1),
('what', 17, 0, 0, 0, 0, 1),
('what', 18, 0, 0, 0, 0, 1),
('what', 19, 0, 0, 0, 0, 1),
('what', 20, 0, 0, 0, 0, 1),
('whatev', 0, 0, 0, 0, 0, 1),
('whatev', 1, 0, 0, 0, 0, 1),
('whatev', 2, 0, 0, 0, 0, 1),
('whatev', 3, 0, 0, 0, 0, 1),
('whatev', 4, 0, 0, 0, 0, 1),
('whatev', 5, 0, 0, 0, 0, 1),
('whatev', 6, 0, 0, 0, 0, 1),
('whatev', 7, 0, 0, 0, 0, 1),
('whatev', 8, 0, 0, 0, 0, 1),
('whatev', 9, 0, 0, 0, 0, 1),
('whatev', 10, 0, 0, 0, 0, 1),
('whatev', 11, 0, 0, 0, 0, 1),
('whatev', 12, 0, 0, 0, 0, 1),
('whatev', 13, 0, 0, 0, 0, 1),
('whatev', 14, 0, 0, 0, 0, 1),
('whatev', 15, 0, 0, 0, 0, 1),
('whatev', 16, 0, 0, 0, 0, 1),
('whatev', 17, 0, 0, 0, 0, 1),
('whatev', 18, 0, 0, 0, 0, 1),
('whatev', 19, 0, 0, 0, 0, 1),
('whatev', 20, 0, 0, 0, 0, 1),
('whatever', 0, 0, 0, 0, 0, 1),
('whatever', 1, 0, 0, 0, 0, 1),
('whatever', 2, 0, 0, 0, 0, 1),
('whatever', 3, 0, 0, 0, 0, 1),
('whatever', 4, 0, 0, 0, 0, 1),
('whatever', 5, 0, 0, 0, 0, 1),
('whatever', 6, 0, 0, 0, 0, 1),
('whatever', 7, 0, 0, 0, 0, 1),
('whatever', 8, 0, 0, 0, 0, 1),
('whatever', 9, 0, 0, 0, 0, 1),
('whatever', 10, 0, 0, 0, 0, 1),
('whatever', 11, 0, 0, 0, 0, 1),
('whatever', 12, 0, 0, 0, 0, 1),
('whatever', 13, 0, 0, 0, 0, 1),
('whatever', 14, 0, 0, 0, 0, 1),
('whatever', 15, 0, 0, 0, 0, 1),
('whatever', 16, 0, 0, 0, 0, 1),
('whatever', 17, 0, 0, 0, 0, 1),
('whatever', 18, 0, 0, 0, 0, 1),
('whatever', 19, 0, 0, 0, 0, 1),
('whatever', 20, 0, 0, 0, 0, 1),
('without', 0, 0, 0, 0, 0, 1),
('without', 1, 0, 0, 0, 0, 1),
('without', 2, 0, 0, 0, 0, 1),
('without', 3, 0, 0, 0, 0, 1),
('without', 4, 0, 0, 0, 0, 1),
('without', 5, 0, 0, 0, 0, 1),
('without', 6, 0, 0, 0, 0, 1),
('without', 7, 0, 0, 0, 0, 1),
('without', 8, 0, 0, 0, 0, 1),
('without', 9, 0, 0, 0, 0, 1),
('without', 10, 0, 0, 0, 0, 1),
('without', 11, 0, 0, 0, 0, 1),
('without', 12, 0, 0, 0, 0, 1),
('without', 13, 0, 0, 0, 0, 1),
('without', 14, 0, 0, 0, 0, 1),
('without', 15, 0, 0, 0, 0, 1),
('without', 16, 0, 0, 0, 0, 1),
('without', 17, 0, 0, 0, 0, 1),
('without', 18, 0, 0, 0, 0, 1),
('without', 19, 0, 0, 0, 0, 1),
('without', 20, 0, 0, 0, 0, 1);

--
-- Indexes for dumped tables
--

--
-- Indexes for table `doc_hits`
--
ALTER TABLE `doc_hits`
  ADD PRIMARY KEY (`docLink`);

--
-- Indexes for table `doc_links`
--
ALTER TABLE `doc_links`
  ADD PRIMARY KEY (`docID`);

--
-- Indexes for table `pos_index`
--
ALTER TABLE `pos_index`
  ADD PRIMARY KEY (`term`,`docID`,`tagNum`,`posNum`);

--
-- Indexes for table `queries`
--
ALTER TABLE `queries`
  ADD PRIMARY KEY (`query_text`);

--
-- Indexes for table `results`
--
ALTER TABLE `results`
  ADD PRIMARY KEY (`docID`);

--
-- Indexes for table `tag_index`
--
ALTER TABLE `tag_index`
  ADD PRIMARY KEY (`term`,`docID`),
  ADD KEY `docID` (`docID`);

--
-- Constraints for dumped tables
--

--
-- Constraints for table `pos_index`
--
ALTER TABLE `pos_index`
  ADD CONSTRAINT `pos_index_ibfk_1` FOREIGN KEY (`term`) REFERENCES `tag_index` (`term`) ON DELETE CASCADE;

--
-- Constraints for table `tag_index`
--
ALTER TABLE `tag_index`
  ADD CONSTRAINT `tag_index_ibfk_1` FOREIGN KEY (`docID`) REFERENCES `doc_links` (`docID`) ON DELETE CASCADE;

/*!40101 SET CHARACTER_SET_CLIENT=@OLD_CHARACTER_SET_CLIENT */;
/*!40101 SET CHARACTER_SET_RESULTS=@OLD_CHARACTER_SET_RESULTS */;
/*!40101 SET COLLATION_CONNECTION=@OLD_COLLATION_CONNECTION */;
